date,Revenue,time_index,month,dayofweek,naive_pred,seasonal_naive_pred,moving_average_pred,linear_regression_pred
2020-11-25,1016787.85,3066,11,2,1234768.03,1708292.62,1432557.5614285714,3180019.754237747
2020-11-26,1003033.14,3067,11,3,1016787.85,1389140.38,1333771.1657142858,3084400.490616765
2020-11-27,2064673.72,3068,11,4,1003033.14,1761075.99,1278612.9885714285,2988781.2269957834
2020-11-28,2102733.52,3069,11,5,2064673.72,1277317.49,1321984.092857143,2893161.963374802
2020-11-29,1696662.48,3070,11,6,2102733.52,1402812.95,1439900.6685714286,2797542.6997538204
2020-11-30,1376299.12,3071,11,0,1696662.48,1254495.47,1481879.172857143,3367320.880634879
2020-12-01,1160032.88,3072,12,1,1376299.12,1234768.03,1499279.6942857143,3117596.8287675963
2020-12-02,370653.23,3073,12,2,1160032.88,1016787.85,1488603.2442857143,3021977.565146615
2020-12-03,528608.48,3074,12,3,370653.23,1003033.14,1396298.2985714285,2926358.3015256333
2020-12-04,645703.05,3075,12,4,528608.48,2064673.72,1328523.347142857,2830739.0379046514
2020-12-05,653591.96,3076,12,5,645703.05,2102733.52,1125813.2514285713,2735119.77428367
2020-12-06,755648.75,3077,12,6,653591.96,1696662.48,918793.0285714286,2639500.5106626884
2020-12-07,832522.38,3078,12,0,755648.75,1376299.12,784362.4957142858,3209278.691543747
2020-12-08,1297656.34,3079,12,1,832522.38,1160032.88,706680.1042857142,3113659.4279227657
2020-12-09,1154833.63,3080,12,2,1297656.34,370653.23,726340.5985714284,3018040.1643017842
2020-12-10,696601.42,3081,12,3,1154833.63,528608.48,838366.37,2922420.9006808023
2020-12-11,708701.4,3082,12,4,696601.42,645703.05,862365.3614285715,2826801.637059821
2020-12-12,1122552.93,3083,12,5,708701.4,653591.96,871365.1257142856,2731182.3734388393
2020-12-13,937152.62,3084,12,6,1122552.93,755648.75,938359.5499999999,2635563.109817858
2020-12-14,1601200.69,3085,12,0,937152.62,832522.38,964288.6742857143,3205341.2906989167
2020-12-15,1355809.66,3086,12,1,1601200.69,1297656.34,1074099.8614285714,3109722.027077935
2020-12-16,1368150.26,3087,12,2,1355809.66,1154833.63,1082407.4785714285,3014102.763456953
2020-12-17,1104685.57,3088,12,3,1368150.26,696601.42,1112881.2828571429,2918483.4998359717
2020-12-18,1251306.12,3089,12,4,1104685.57,708701.4,1171179.0185714285,2822864.2362149903
2020-12-19,1648432.09,3090,12,5,1251306.12,1122552.93,1248693.9785714285,2727244.972594009
2020-12-20,1777867.4,3091,12,6,1648432.09,937152.62,1323819.5728571431,2631625.7089730273
2020-12-21,2040125.86,3092,12,0,1777867.4,1601200.69,1443921.6842857145,3201403.8898540856
2020-12-22,2050706.5,3093,12,1,2040125.86,1355809.66,1506625.28,3105784.626233104
2020-12-23,1964805.24,3094,12,2,2050706.5,1368150.26,1605896.2571428572,3010165.3626121227
2020-12-24,1223063.47,3095,12,3,1964805.24,1104685.57,1691132.6828571428,2914546.098991141
2020-12-25,1200258.49,3096,12,4,1223063.47,1251306.12,1708043.8114285716,2818926.8353701597
2020-12-26,1099988.0,3097,12,5,1200258.49,1648432.09,1700751.2928571429,2723307.571749178
2020-12-27,1517374.4,3098,12,6,1099988.0,1777867.4,1622402.1371428573,2627688.3081281963
2020-12-28,3627797.75,3099,12,0,1517374.4,2040125.86,1585188.8514285714,3197466.489009255
2020-12-29,2940732.69,3100,12,1,3627797.75,2050706.5,1811999.1214285714,3101847.2253882736
2020-12-30,2881135.64,3101,12,2,2940732.69,1964805.24,1939145.72,3006227.961767292
2020-12-31,2153864.87,3102,12,3,2881135.64,1223063.47,2070050.0628571429,2910608.6981463106
2021-01-01,1553431.51,3103,1,4,2153864.87,1200258.49,2203021.6914285715,4510142.105234642
2021-01-02,378420.41,3104,1,5,1553431.51,1099988.0,2253474.98,4414522.841613661
2021-01-03,677894.56,3105,1,6,378420.41,1517374.4,2150393.895714286,4318903.57799268
2021-01-04,819877.04,3106,1,0,677894.56,3627797.75,2030468.2042857143,4888681.758873737
2021-01-05,1174326.91,3107,1,1,819877.04,2940732.69,1629336.6742857143,4793062.495252756
2021-01-06,1114251.05,3108,1,2,1174326.91,2881135.64,1376992.9914285715,4697443.231631774
2021-01-07,837846.02,3109,1,3,1114251.05,2153864.87,1124580.9071428573,4601823.9680107925
2021-01-08,1023293.14,3110,1,4,837846.02,1553431.51,936578.2142857143,4506204.7043898115
2021-01-09,853729.27,3111,1,5,1023293.14,378420.41,860844.1614285714,4410585.4407688305
2021-01-10,1180728.66,3112,1,6,853729.27,677894.56,928745.427142857,4314966.1771478485
2021-01-11,1515387.6,3113,1,0,1180728.66,819877.04,1000578.87,4884744.358028907
2021-01-12,1062807.64,3114,1,1,1515387.6,1174326.91,1099937.5214285715,4789125.094407925
2021-01-13,1070756.5,3115,1,2,1062807.64,1114251.05,1084006.1971428571,4693505.830786943
2021-01-14,764427.24,3116,1,3,1070756.5,837846.02,1077792.69,4597886.567165962
2021-01-15,977003.78,3117,1,4,764427.24,1023293.14,1067304.2928571429,4502267.3035449805
2021-01-16,1185774.61,3118,1,5,977003.78,853729.27,1060691.527142857,4406648.039923999
2021-01-17,1224098.2,3119,1,6,1185774.61,1180728.66,1108126.5757142857,4311028.7763030175
2021-01-18,2502006.18,3120,1,0,1224098.2,1515387.6,1114322.2242857143,4880806.957184076
2021-01-19,2011018.39,3121,1,1,2502006.18,1062807.64,1255267.7357142859,4785187.693563094
2021-01-20,1595354.2,3122,1,2,2011018.39,1070756.5,1390726.4142857143,4689568.429942113
2021-01-21,1698207.91,3123,1,3,1595354.2,764427.24,1465668.9428571428,4593949.166321131
2021-01-22,1620041.5,3124,1,4,1698207.91,977003.78,1599066.1814285715,4498329.90270015
2021-01-23,1744298.27,3125,1,5,1620041.5,1185774.61,1690928.7128571428,4402710.639079168
2021-01-24,1862707.42,3126,1,6,1744298.27,1224098.2,1770717.807142857,4307091.3754581865
2021-01-25,2346216.5,3127,1,0,1862707.42,2502006.18,1861947.6957142856,4876869.556339245
2021-01-26,2993616.58,3128,1,1,2346216.5,2011018.39,1839692.027142857,4781250.292718264
2021-01-27,2258351.94,3129,1,2,2993616.58,1595354.2,1980063.197142857,4685631.029097282
2021-01-28,2405871.45,3130,1,3,2258351.94,1698207.91,2074777.16,4590011.765476301
2021-01-29,2246568.53,3131,1,4,2405871.45,1620041.5,2175871.9514285713,4494392.501855319
2021-01-30,2167603.39,3132,1,5,2246568.53,1744298.27,2265375.8128571426,4398773.238234337
2021-01-31,1607178.02,3133,1,6,2167603.39,1862707.42,2325847.972857143,4303153.974613356
2021-02-01,1551374.11,3134,2,0,1607178.02,2346216.5,2289343.772857143,4718827.367248114
2021-02-02,958876.9,3135,2,1,1551374.11,2993616.58,2175794.86,4623208.103627132
2021-02-03,1095535.11,3136,2,2,958876.9,2258351.94,1885117.7628571428,4527588.84000615
2021-02-04,1345207.17,3137,2,3,1095535.11,2405871.45,1719001.0728571431,4431969.576385169
2021-02-05,1749418.05,3138,2,4,1345207.17,2246568.53,1567477.6042857144,4336350.312764187
2021-02-06,1240787.91,3139,2,5,1749418.05,2167603.39,1496456.107142857,4240731.049143206
2021-02-07,1814367.53,3140,2,6,1240787.91,1607178.02,1364053.8957142856,4145111.7855222244
2021-02-08,1325809.68,3141,2,0,1814367.53,1551374.11,1393652.397142857,4714889.966403283
2021-02-09,1448124.96,3142,2,1,1325809.68,958876.9,1361428.907142857,4619270.702782301
2021-02-10,1851743.73,3143,2,2,1448124.96,1095535.11,1431321.4871428572,4523651.439161319
2021-02-11,1689417.95,3144,2,3,1851743.73,1345207.17,1539351.2899999998,4428032.175540338
2021-02-12,1983824.96,3145,2,4,1689417.95,1749418.05,1588524.2585714287,4332412.911919357
2021-02-13,1986462.63,3146,2,5,1983824.96,1240787.91,1622010.9599999997,4236793.648298375
2021-02-14,2942830.48,3147,2,6,1986462.63,1814367.53,1728535.92,4141174.384677394
2021-02-15,3142099.08,3148,2,0,2942830.48,1325809.68,1889744.912857143,4710952.565558452
2021-02-16,1874868.49,3149,2,1,3142099.08,1448124.96,2149214.827142857,4615333.30193747
2021-02-17,2468895.03,3150,2,2,1874868.49,1851743.73,2210178.1885714284,4519714.038316489
2021-02-18,1729200.62,3151,2,3,2468895.03,1689417.95,2298342.66,4424094.774695508
2021-02-19,2485137.46,3152,2,4,1729200.62,1983824.96,2304025.8985714284,4328475.511074526
2021-02-20,2510521.11,3153,2,5,2485137.46,1986462.63,2375641.9699999997,4232856.247453544
2021-02-21,2673937.37,3154,2,6,2510521.11,2942830.48,2450507.467142857,4137236.9838325633
2021-02-22,3295922.4,3155,2,0,2673937.37,3142099.08,2412094.165714286,4707015.164713621
2021-02-23,4952064.84,3156,2,1,3295922.4,1874868.49,2434068.9257142856,4611395.90109264
2021-02-24,2880648.13,3157,2,2,4952064.84,2468895.03,2873668.404285714,4515776.637471659
2021-02-25,5675843.97,3158,2,3,2880648.13,1729200.62,2932490.2757142857,4420157.373850677
2021-02-26,3813868.44,3159,2,4,5675843.97,2485137.46,3496296.4685714287,4324538.110229695
2021-02-27,3241854.71,3160,2,5,3813868.44,2510521.11,3686115.18,4228918.846608713
2021-02-28,2348995.75,3161,2,6,3241854.71,2673937.37,3790591.4085714286,4133299.5829877323
2021-03-01,1942260.67,3162,3,0,2348995.75,3295922.4,3744171.177142857,4548972.97562249
2021-03-02,679248.37,3163,3,1,1942260.67,4952064.84,3550790.9299999997,4453353.712001508
2021-03-03,1202803.22,3164,3,2,679248.37,2880648.13,2940388.5771428575,4357734.448380526
2021-03-04,2188811.67,3165,3,3,1202803.22,5675843.97,2700696.447142857,4262115.184759545
2021-03-05,1350969.16,3166,3,4,2188811.67,3813868.44,2202548.975714286,4166495.9211385637
2021-03-06,1702498.76,3167,3,5,1350969.16,3241854.71,1850706.2214285715,4070876.657517582
2021-03-07,2475099.15,3168,3,6,1702498.76,2348995.75,1630798.2285714285,3975257.3938966
2021-03-08,2765984.78,3169,3,0,2475099.15,1942260.67,1648813.0,4545035.574777659
2021-03-09,2910840.37,3170,3,1,2765984.78,679248.37,1766487.8728571427,4449416.311156677
2021-03-10,2793536.43,3171,3,2,2910840.37,1202803.22,2085286.73,4353797.047535696
2021-03-11,4291688.17,3172,3,3,2793536.43,2188811.67,2312534.3314285716,4258177.783914715
2021-03-12,4134860.06,3173,3,4,4291688.17,1350969.16,2612945.2600000002,4162558.520293733
2021-03-13,2417371.88,3174,3,5,4134860.06,1702498.76,3010643.96,4066939.256672751
2021-03-14,2889680.59,3175,3,6,2417371.88,2475099.15,3112768.6914285715,3971319.9930517697
2021-03-15,3654509.31,3176,3,0,2889680.59,2765984.78,3171994.611428571,4541098.173932828
2021-03-16,4008350.11,3177,3,1,3654509.31,2910840.37,3298926.6871428574,4445478.910311847
2021-03-17,4400411.89,3178,3,2,4008350.11,2793536.43,3455713.792857143,4349859.646690866
2021-03-18,5516765.31,3179,3,3,4400411.89,4291688.17,3685267.4299999997,4254240.383069884
2021-03-19,3614457.51,3180,3,4,5516765.31,4134860.06,3860278.4499999997,4158621.119448902
2021-03-20,3232018.55,3181,3,5,3614457.51,2417371.88,3785935.2285714285,4063001.8558279206
2021-03-21,2822145.24,3182,3,6,3232018.55,2889680.59,3902313.3242857144,3967382.592206939
2021-03-22,3923103.49,3183,3,0,2822145.24,3654509.31,3892665.4171428573,4537160.773087998
2021-03-23,4222620.69,3184,3,1,3923103.49,4008350.11,3931036.014285714,4441541.509467017
2021-03-24,4003647.57,3185,3,2,4222620.69,4400411.89,3961646.097142857,4345922.245846035
2021-03-25,4847687.37,3186,3,3,4003647.57,5516765.31,3904965.48,4250302.982225053
2021-03-26,4034615.27,3187,3,4,4847687.37,3614457.51,3809382.9171428573,4154683.7186040715
2021-03-27,3612774.77,3188,3,5,4034615.27,3232018.55,3869405.454285715,4059064.45498309
2021-03-28,3528929.89,3189,3,6,3612774.77,2822145.24,3923799.2,3963445.1913621086
2021-03-29,4090090.6,3190,3,0,3528929.89,3923103.49,4024768.4357142863,4533223.372243168
2021-03-30,10795905.35,3191,3,1,4090090.6,4222620.69,4048623.737142857,4437604.108622186
2021-03-31,9220320.43,3192,3,2,10795905.35,4003647.57,4987664.4028571425,4341984.845001204
2021-04-01,9027075.84,3193,4,3,9220320.43,4847687.37,5732903.382857143,4092260.7931339215
2021-04-02,7866035.23,3194,4,4,9027075.84,4034615.27,6329958.878571429,3996641.5295129395
2021-04-03,7594752.42,3195,4,5,7866035.23,3612774.77,6877304.587142857,3901022.265891958
2021-04-04,1720555.46,3196,4,6,7594752.42,3528929.89,7446158.537142858,3805403.0022709765
2021-04-05,2665962.66,3197,4,0,1720555.46,4090090.6,7187819.332857144,4375181.183152035
2021-04-06,2627509.32,3198,4,1,2665962.66,10795905.35,6984372.484285714,4279561.919531054
2021-04-07,3504391.02,3199,4,2,2627509.32,9220320.43,5817458.765714286,4183942.6559100724
2021-04-08,3026850.22,3200,4,3,3504391.02,9027075.84,5000897.421428571,4088323.3922890904
2021-04-09,3110153.27,3201,4,4,3026850.22,7866035.23,4143722.332857143,3992704.128668109
2021-04-10,2505766.01,3202,4,5,3110153.27,7594752.42,3464310.6242857142,3897084.8650471275
2021-04-11,2755337.37,3203,4,6,2505766.01,1720555.46,2737312.5657142857,3801465.601426146
2021-04-12,3206411.87,3204,4,0,2755337.37,2665962.66,2885138.5528571424,4371243.782307205
2021-04-13,3231903.43,3205,4,1,3206411.87,2627509.32,2962345.5828571427,4275624.518686224
2021-04-14,5218947.03,3206,4,2,3231903.43,3504391.02,3048687.598571428,4180005.2550652414
2021-04-15,4270735.63,3207,4,3,5218947.03,3026850.22,3293624.1714285715,4084385.99144426
2021-04-16,3735241.12,3208,4,4,4270735.63,3110153.27,3471322.0871428573,3988766.7278232784
2021-04-17,3800876.52,3209,4,5,3735241.12,2505766.01,3560620.3514285716,3893147.464202297
2021-04-18,4448113.81,3210,4,6,3800876.52,2755337.37,3745636.1385714286,3797528.2005813154
2021-04-19,3468512.12,3211,4,0,4448113.81,3206411.87,3987461.344285715,4367306.381462374
2021-04-20,4030055.78,3212,4,1,3468512.12,3231903.43,4024904.237142857,4271687.117841393
2021-04-21,5244905.44,3213,4,2,4030055.78,5218947.03,4138926.0014285715,4176067.854220411
2021-04-22,4635126.49,3214,4,3,5244905.44,4270735.63,4142634.345714286,4080448.5905994293
2021-04-23,2503702.41,3215,4,4,4635126.49,3735241.12,4194690.182857143,3984829.326978448
2021-04-24,3966260.92,3216,4,5,2503702.41,3800876.52,4018756.0814285716,3889210.0633574664
2021-04-25,4545990.29,3217,4,6,3966260.92,4448113.81,4042382.424285714,3793590.7997364844
2021-04-26,4718077.11,3218,4,0,4545990.29,3468512.12,4056364.7785714283,4363368.980617544
2021-04-27,5303542.87,3219,4,1,4718077.11,4030055.78,4234874.062857143,4267749.716996562
2021-04-28,5606431.49,3220,4,2,5303542.87,5244905.44,4416800.79,4172130.4533755803
2021-04-29,9535515.05,3221,4,3,5606431.49,4635126.49,4468447.368571429,4076511.189754599
2021-04-30,6962149.33,3222,4,4,9535515.05,2503702.41,5168502.877142857,3980891.9261336173
2021-05-01,6555221.49,3223,5,5,6962149.33,3966260.92,5805423.865714286,3731167.8742663343
2021-05-02,5301495.07,3224,5,6,6555221.49,4545990.29,6175275.375714286,3635548.610645353
2021-05-03,3778243.02,3225,5,0,5301495.07,4718077.11,6283204.630000001,4205326.791526412
2021-05-04,1930133.97,3226,5,1,3778243.02,5303542.87,6148942.617142857,4109707.5279054297
2021-05-05,2491751.76,3227,5,2,1930133.97,5606431.49,5667027.0600000005,4014088.264284448
2021-05-06,3090364.98,3228,5,3,2491751.76,9535515.05,5222072.812857143,3918469.0006634668
2021-05-07,3099539.75,3229,5,4,3090364.98,6962149.33,4301337.088571428,3822849.7370424853
2021-05-08,2448108.31,3230,5,5,3099539.75,6555221.49,3749535.7199999997,3727230.473421504
2021-05-09,3801718.87,3231,5,6,2448108.31,5301495.07,3162805.2657142854,3631611.209800522
2021-05-10,3546216.71,3232,5,0,3801718.87,3778243.02,2948551.522857143,4201389.390681581
2021-05-11,3323078.36,3233,5,1,3546216.71,1930133.97,2915404.9071428576,4105770.127060599
2021-05-12,4782841.68,3234,5,2,3323078.36,2491751.76,3114396.962857143,4010150.8634396177
2021-05-13,5666923.8,3235,5,3,4782841.68,3090364.98,3441695.522857143,3914531.599818636
2021-05-14,5250104.11,3236,5,4,5666923.8,3099539.75,3809775.354285714,3818912.3361976547
2021-05-15,3858160.76,3237,5,5,5250104.11,2448108.31,4116998.834285714,3723293.072576673
2021-05-16,3981359.06,3238,5,6,3858160.76,3801718.87,4318434.898571429,3627673.8089556913
2021-05-17,4684806.7,3239,5,0,3981359.06,3546216.71,4344097.782857143,4197451.989836751
2021-05-18,3549112.31,3240,5,1,4684806.7,3323078.36,4506753.495714285,4101832.7262157686
2021-05-19,4795038.58,3241,5,2,3549112.31,4782841.68,4539044.06,4006213.462594787
2021-05-20,5057797.75,3242,5,3,4795038.58,5666923.8,4540786.474285714,3910594.1989738056
2021-05-21,5434543.62,3243,5,4,5057797.75,5250104.11,4453768.467142857,3814974.9353528237
2021-05-22,4310539.38,3244,5,5,5434543.62,3858160.76,4480116.968571429,3719355.671731842
2021-05-23,3846392.54,3245,5,6,4310539.38,3981359.06,4544742.485714286,3623736.4081108607
2021-05-24,3987573.28,3246,5,0,3846392.54,4684806.7,4525461.554285714,4193514.5889919195
2021-05-25,3822459.48,3247,5,1,3987573.28,3549112.31,4425856.78,4097895.325370938
2021-05-26,4915453.17,3248,5,2,3822459.48,4795038.58,4464906.375714286,4002276.061749956
2021-05-27,7320510.07,3249,5,3,4915453.17,5057797.75,4482108.46,3906656.7981289746
2021-05-28,6925957.27,3250,5,4,7320510.07,5434543.62,4805353.077142857,3811037.534507993
2021-05-29,4630943.52,3251,5,5,6925957.27,4310539.38,5018412.17,3715418.2708870117
2021-05-30,8887935.6,3252,5,6,4630943.52,3846392.54,5064184.1899999995,3619799.00726603
2021-05-31,7996369.9,3253,5,0,8887935.6,3987573.28,5784404.627142857,4189577.188147089
2021-06-01,7479521.04,3254,6,1,7996369.9,3822459.48,6357089.858571428,3939853.136279806
2021-06-02,6960798.21,3255,6,2,7479521.04,4915453.17,6879527.224285714,3844233.8726588245
2021-06-03,6367799.03,3256,6,3,6960798.21,7320510.07,7171719.372857143,3748614.609037843
2021-06-04,2524112.16,3257,6,4,6367799.03,6925957.27,7035617.795714286,3652995.3454168616
2021-06-05,2884765.01,3258,6,5,2524112.16,4630943.52,6406782.78,3557376.0817958796
2021-06-06,3795966.84,3259,6,6,2884765.01,8887935.6,6157328.707142858,3461756.818174898
2021-06-07,3757477.99,3260,6,0,3795966.84,7996369.9,5429904.598571428,4031534.999055957
2021-06-08,3948452.32,3261,6,1,3757477.99,7479521.04,4824348.611428572,3935915.7354349755
2021-06-09,3733884.76,3262,6,2,3948452.32,6960798.21,4319910.222857143,3840296.471813994
2021-06-10,3994102.54,3263,6,3,3733884.76,6367799.03,3858922.5871428577,3744677.2081930125
2021-06-11,3221511.31,3264,6,4,3994102.54,2524112.16,3519823.088571429,3649057.9445720306
2021-06-12,3618435.07,3265,6,5,3221511.31,2884765.01,3619451.5385714285,3553438.680951049
2021-06-13,3349171.43,3266,6,6,3618435.07,3795966.84,3724261.5471428568,3457819.4173300676
2021-06-14,4007931.92,3267,6,0,3349171.43,3757477.99,3660433.631428571,4027597.5982111264
2021-06-15,4162142.95,3268,6,1,4007931.92,3948452.32,3696212.7642857144,3931978.334590145
2021-06-16,4740156.23,3269,6,2,4162142.95,3733884.76,3726739.9971428574,3836359.0709691634
2021-06-17,5807751.43,3270,6,3,4740156.23,3994102.54,3870493.064285714,3740739.8073481815
2021-06-18,4316861.14,3271,6,4,5807751.43,3221511.31,4129585.762857143,3645120.5437272
2021-06-19,3596996.21,3272,6,5,4316861.14,3618435.07,4286064.3100000005,3549501.2801062185
2021-06-20,3113780.62,3273,6,6,3596996.21,3349171.43,4283001.615714286,3453882.016485237
2021-06-21,3454322.45,3274,6,0,3113780.62,4007931.92,4249374.357142857,4023660.197366296
2021-06-22,3814525.81,3275,6,1,3454322.45,4162142.95,4170287.29,3928040.933745314
2021-06-23,5129834.24,3276,6,2,3814525.81,4740156.23,4120627.6985714287,3832421.6701243324
2021-06-24,5015283.26,3277,6,3,5129834.24,5807751.43,4176295.9857142856,3736802.406503351
2021-06-25,3255836.16,3278,6,4,5015283.26,4316861.14,4063086.2471428574,3641183.1428823695
2021-06-26,3202321.56,3279,6,5,3255836.16,3596996.21,3911511.25,3545563.879261388
2021-06-27,3938214.81,3280,6,6,3202321.56,3113780.62,3855129.1571428566,3449944.6156404065
2021-06-28,4255543.96,3281,6,0,3938214.81,3454322.45,3972905.47,4019722.796521465
2021-06-29,5907160.01,3282,6,1,4255543.96,3814525.81,4087365.6857142863,3924103.5329004833
2021-06-30,5094915.79,3283,6,2,5907160.01,5129834.24,4386313.428571428,3828484.269279502
2021-07-01,4975867.15,3284,7,3,5094915.79,5015283.26,4381325.078571429,3578760.2174122194
2021-07-02,4397949.68,3285,7,4,4975867.15,3255836.16,4375694.205714286,3483140.9537912374
2021-07-03,3132513.38,3286,7,5,4397949.68,3202321.56,4538853.28,3387521.690170256
2021-07-04,730601.15,3287,7,6,3132513.38,3938214.81,4528880.682857143,3291902.4265492745
2021-07-05,1878817.85,3288,7,0,730601.15,4255543.96,4070650.1599999997,3861680.6074303333
2021-07-06,1616214.16,3289,7,1,1878817.85,5907160.01,3731117.8585714283,3766061.343809352
2021-07-07,1741509.6,3290,7,2,1616214.16,5094915.79,3118125.5942857144,3670442.0801883703
2021-07-08,2563149.38,3291,7,3,1741509.6,4975867.15,2639067.5671428577,3574822.8165673884
2021-07-09,2685812.87,3292,7,4,2563149.38,4397949.68,2294393.6,3479203.552946407
2021-07-10,2524108.8,3293,7,5,2685812.87,3132513.38,2049802.627142857,3383584.2893254254
2021-07-11,2592712.85,3294,7,6,2524108.8,730601.15,1962887.687142857,3287965.025704444
2021-07-12,3123873.5,3295,7,0,2592712.85,1878817.85,2228903.6442857143,3857743.2065855027
2021-07-13,2650746.43,3296,7,1,3123873.5,1616214.16,2406768.737142857,3762123.9429645212
2021-07-14,2970833.54,3297,7,2,2650746.43,1741509.6,2554559.0614285716,3666504.6793435393
2021-07-15,3628282.86,3298,7,3,2970833.54,2563149.38,2730176.7671428574,3570885.415722558
2021-07-16,2768513.94,3299,7,4,3628282.86,2685812.87,2882338.692857143,3475266.1521015763
2021-07-17,2453122.24,3300,7,5,2768513.94,2524108.8,2894153.131428572,3379646.888480595
2021-07-18,2827723.47,3301,7,6,2453122.24,2592712.85,2884012.194285714,3284027.6248596134
2021-07-19,2859598.56,3302,7,0,2827723.47,3123873.5,2917585.14,3853805.8057406717
2021-07-20,3389960.06,3303,7,1,2859598.56,2650746.43,2879831.5771428575,3758186.54211969
2021-07-21,3336465.66,3304,7,2,3389960.06,2970833.54,2985433.524285714,3662567.2784987087
2021-07-22,4388007.92,3305,7,3,3336465.66,3628282.86,3037666.6842857143,3566948.0148777273
2021-07-23,4385215.41,3306,7,4,4388007.92,2768513.94,3146198.8357142857,3471328.751256746
2021-07-24,2294305.45,3307,7,5,4385215.41,2453122.24,3377156.1885714284,3375709.4876357643
2021-07-25,2549303.61,3308,7,6,2294305.45,2827723.47,3354468.075714286,3280090.2240147823
2021-07-26,3676952.36,3309,7,0,2549303.61,2859598.56,3314693.81,3849868.404895841
2021-07-27,3460197.23,3310,7,1,3676952.36,3389960.06,3431458.6385714286,3754249.1412748597
2021-07-28,4046860.27,3311,7,2,3460197.23,3336465.66,3441492.52,3658629.877653878
2021-07-29,5547857.68,3312,7,3,4046860.27,4388007.92,3542977.464285714,3563010.6140328967
2021-07-30,6548042.77,3313,7,4,5547857.68,4385215.41,3708670.287142857,3467391.350411915
2021-07-31,5256382.47,3314,7,5,6548042.77,2294305.45,4017645.6242857142,3371772.0867909333
2021-08-01,3652376.75,3315,8,6,5256382.47,2549303.61,4440799.484285714,3122048.034923651
2021-08-02,4399616.65,3316,8,0,3652376.75,3676952.36,4598381.361428571,3691826.215804709
2021-08-03,2422462.49,3317,8,1,4399616.65,3460197.23,4701619.117142857,3596206.9521837276
2021-08-04,1157658.1,3318,8,2,2422462.49,4046860.27,4553371.297142857,3500587.688562746
2021-08-05,1482037.52,3319,8,3,1157658.1,5547857.68,4140628.13,3404968.4249417647
2021-08-06,1591502.8,3320,8,4,1482037.52,6548042.77,3559796.6785714286,3309349.161320783
2021-08-07,1632328.25,3321,8,5,1591502.8,5256382.47,2851719.54,3213729.8976998017
2021-08-08,1411882.22,3322,8,6,1632328.25,3652376.75,2333997.5085714287,3118110.63407882
2021-08-09,1376421.76,3323,8,0,1411882.22,4399616.65,2013926.8614285716,3687888.8149598786
2021-08-10,1581357.61,3324,8,1,1376421.76,2422462.49,1582041.877142857,3592269.551338897
2021-08-11,1740229.21,3325,8,2,1581357.61,1157658.1,1461884.0371428572,3496650.2877179156
2021-08-12,2480973.68,3326,8,3,1740229.21,1482037.52,1545108.4814285713,3401031.024096934
2021-08-13,2199306.57,3327,8,4,2480973.68,1591502.8,1687813.6471428573,3305411.7604759526
2021-08-14,1494099.71,3328,8,5,2199306.57,1632328.25,1774642.757142857,3209792.4968549707
2021-08-15,1862118.62,3329,8,6,1494099.71,1411882.22,1754895.822857143,3114173.233233989
2021-08-16,2220064.67,3330,8,0,1862118.62,1376421.76,1819215.3085714285,3683951.414115048
2021-08-17,2263302.37,3331,8,1,2220064.67,1581357.61,1939735.7242857143,3588332.1504940665
2021-08-18,1875383.97,3332,8,2,2263302.37,1740229.21,2037156.4042857143,3492712.886873085
2021-08-19,2535597.13,3333,8,3,1875383.97,2480973.68,2056464.2271428572,3397093.623252103
2021-08-20,2553183.49,3334,8,4,2535597.13,2199306.57,2064267.5771428572,3301474.3596311216
2021-08-21,1453356.23,3335,8,5,2553183.49,1494099.71,2114821.422857143,3205855.09601014
2021-08-22,1640268.07,3336,8,6,1453356.23,1862118.62,2109000.9257142856,3110235.8323891587
2021-08-23,1883869.71,3337,8,0,1640268.07,2220064.67,2077307.9900000002,3680014.0132702175
2021-08-24,1836322.27,3338,8,1,1883869.71,2263302.37,2029280.1385714286,3584394.749649236
2021-08-25,1939866.54,3339,8,2,1836322.27,1875383.97,1968282.9814285713,3488775.486028254
2021-08-26,1886569.08,3340,8,3,1939866.54,2535597.13,1977494.7771428574,3393156.2224072726
2021-08-27,1662732.77,3341,8,4,1886569.08,2553183.49,1884776.4842857143,3297536.958786291
2021-08-28,1664938.51,3342,8,5,1662732.77,1453356.23,1757569.2385714285,3201917.6951653096
2021-08-29,4443078.33,3343,8,6,1664938.51,1640268.07,1787795.2785714285,3106298.431544328
2021-08-30,3996164.3,3344,8,0,4443078.33,1883869.71,2188196.7442857143,3676076.612425387
2021-08-31,3940957.44,3345,8,1,3996164.3,1836322.27,2489953.1142857145,3580457.348804405
2021-09-01,3579634.39,3346,9,2,3940957.44,1939866.54,2790615.2814285713,3330733.2969371225
2021-09-02,3917618.96,3347,9,3,3579634.39,1886569.08,3024867.8314285716,3235114.033316141
2021-09-03,1070973.42,3348,9,4,3917618.96,1662732.77,3315017.814285714,3139494.769695159
2021-09-04,1839742.83,3349,9,5,1070973.42,1664938.51,3230480.7642857144,3043875.5060741776
2021-09-05,1682890.37,3350,9,6,1839742.83,4443078.33,3255452.8099999996,2948256.242453196
2021-09-06,2097434.58,3351,9,0,1682890.37,3996164.3,2861140.2442857143,3518034.423334255
2021-09-07,2244132.38,3352,9,1,2097434.58,3940957.44,2589893.141428571,3422415.1597132734
2021-09-08,3716975.63,3353,9,2,2244132.38,3579634.39,2347489.5614285716,3326795.8960922915
2021-09-09,2187074.96,3354,9,3,3716975.63,3917618.96,2367109.738571428,3231176.63247131
2021-09-10,1980857.12,3355,9,4,2187074.96,1070973.42,2119889.1671428573,3135557.3688503285
2021-09-11,1547495.48,3356,9,5,1980857.12,1839742.83,2249872.552857143,3039938.105229347
2021-09-12,2102573.99,3357,9,6,1547495.48,1682890.37,2208122.931428571,2944318.8416083655
2021-09-13,2488502.06,3358,9,0,2102573.99,2097434.58,2268077.734285714,3514097.0224894243
2021-09-14,2715006.68,3359,9,1,2488502.06,2244132.38,2323944.517142857,3418477.7588684424
2021-09-15,3275643.47,3360,9,2,2715006.68,3716975.63,2391212.274285714,3322858.495247461
2021-09-16,1853200.26,3361,9,3,3275643.47,2187074.96,2328164.822857143,3227239.2316264794
2021-09-17,2031900.2,3362,9,4,1853200.26,1980857.12,2280468.4371428574,3131619.968005498
2021-09-18,1910747.73,3363,9,5,2031900.2,1547495.48,2287760.305714286,3036000.7043845165
2021-09-19,1952437.84,3364,9,6,1910747.73,2102573.99,2339653.4842857146,2940381.440763535
2021-09-20,2307149.39,3365,9,0,1952437.84,2488502.06,2318205.462857143,3510159.6216445933
2021-09-21,3210995.34,3366,9,1,2307149.39,2715006.68,2292297.9385714284,3414540.358023612
2021-09-22,2518917.94,3367,9,2,3210995.34,3275643.47,2363153.4614285715,3318921.0944026303
2021-09-23,2220736.52,3368,9,3,2518917.94,1853200.26,2255049.814285714,3223301.830781649
2021-09-24,2008968.22,3369,9,4,2220736.52,2031900.2,2307554.9942857143,3127682.5671606674
2021-09-25,2281967.32,3370,9,5,2008968.22,1910747.73,2304278.9971428574,3032063.3035396854
2021-09-26,1602075.57,3371,9,6,2281967.32,1952437.84,2357310.367142857,2936444.039918704
2021-09-27,3058684.14,3372,9,0,1602075.57,2307149.39,2307258.6142857145,3506222.2207997628
2021-09-28,4749132.81,3373,9,1,3058684.14,3210995.34,2414620.7214285717,3410602.9571787813
2021-09-29,3184253.74,3374,9,2,4749132.81,2518917.94,2634354.645714286,3314983.6935578
2021-09-30,3504126.92,3375,9,3,3184253.74,2220736.52,2729402.617142857,3219364.4299368183
2021-10-01,2465559.4,3376,10,4,3504126.92,2008968.22,2912744.1028571427,2969640.3780695354
2021-10-02,2584886.96,3377,10,5,2465559.4,2281967.32,2977971.4142857143,2874021.114448554
2021-10-03,920334.15,3378,10,6,2584886.96,1602075.57,3021245.6485714284,2778401.8508275724
2021-10-04,1043382.83,3379,10,0,920334.15,3058684.14,2923854.0171428574,3348180.0317086307
2021-10-05,1440909.2,3380,10,1,1043382.83,4749132.81,2635953.8300000005,3252560.7680876493
2021-10-06,1793088.31,3381,10,2,1440909.2,3184253.74,2163350.457142857,3156941.504466668
2021-10-07,1826196.69,3382,10,3,1793088.31,3504126.92,1964612.5385714285,3061322.2408456863
2021-10-08,1613264.94,3383,10,4,1826196.69,2465559.4,1724908.22,2965702.977224705
2021-10-09,1794510.68,3384,10,5,1613264.94,2584886.96,1603151.8685714286,2870083.7136037233
2021-10-10,1883117.98,3385,10,6,1794510.68,920334.15,1490240.9714285715,2774464.4499827414
2021-10-11,2300450.29,3386,10,0,1883117.98,1043382.83,1627781.5185714285,3344242.6308638
2021-10-12,1567144.44,3387,10,1,2300450.29,1440909.2,1807362.5842857142,3248623.3672428187
2021-10-13,1918678.27,3388,10,2,1567144.44,1793088.31,1825396.19,3153004.103621837
2021-10-14,2148334.67,3389,10,3,1918678.27,1826196.69,1843337.6128571427,3057384.8400008557
2021-10-15,1900056.41,3390,10,4,2148334.67,1613264.94,1889357.3242857142,2961765.576379874
2021-10-16,2106301.79,3391,10,5,1900056.41,1794510.68,1930327.5342857142,2866146.3127588923
2021-10-17,2495144.25,3392,10,6,2106301.79,1883117.98,1974869.1214285714,2770527.049137911
2021-10-18,2029589.44,3393,10,0,2495144.25,2300450.29,2062301.4457142858,3340305.2300189696
2021-10-19,1794195.22,3394,10,1,2029589.44,1567144.44,2023607.0385714285,3244685.966397988
2021-10-20,2748359.42,3395,10,2,1794195.22,1918678.27,2056042.8642857145,3149066.7027770067
2021-10-21,1715238.6,3396,10,3,2748359.42,2148334.67,2174568.742857143,3053447.4391560247
2021-10-22,2513749.87,3397,10,4,1715238.6,1900056.41,2112697.8757142858,2957828.1755350432
2021-10-23,1853822.02,3398,10,5,2513749.87,2106301.79,2200368.37,2862208.9119140618
2021-10-24,2201542.06,3399,10,6,1853822.02,2495144.25,2164299.8314285716,2766589.6482930803
2021-10-25,2021989.32,3400,10,0,2201542.06,2029589.44,2122356.6614285717,3336367.829174139
2021-10-26,2162674.08,3401,10,1,2021989.32,1794195.22,2121270.93,3240748.5655531576
2021-10-27,2151921.73,3402,10,2,2162674.08,2748359.42,2173910.7671428574,3145129.3019321756
2021-10-28,2489853.45,3403,10,3,2151921.73,1715238.6,2088705.3828571427,3049510.038311194
2021-10-29,3746325.95,3404,10,4,2489853.45,2513749.87,2199364.6471428573,2953890.7746902127
2021-10-30,3434826.63,3405,10,5,3746325.95,1853822.02,2375446.944285714,2858271.511069231
2021-10-31,3026687.11,3406,10,6,3434826.63,2201542.06,2601304.7457142854,2762652.2474482497
2021-11-01,2926691.09,3407,11,0,3026687.11,2021989.32,2719182.61,3178325.640083007
2021-11-02,3072730.67,3408,11,1,2926691.09,2162674.08,2848425.7199999997,3082706.3764620256
2021-11-03,1262904.96,3409,11,2,3072730.67,2151921.73,2978433.804285715,2987087.112841044
2021-11-04,1344901.28,3410,11,3,1262904.96,2489853.45,2851431.4085714286,2891467.8492200626
2021-11-05,1257605.18,3411,11,4,1344901.28,3746325.95,2687866.812857143,2795848.585599081
2021-11-06,2093872.9,3412,11,5,1257605.18,3434826.63,2332335.274285714,2700229.3219780996
2021-11-07,942802.49,3413,11,6,2093872.9,3026687.11,2140770.455714286,2604610.0583571177
2021-11-08,2064680.43,3414,11,0,942802.49,2926691.09,1843072.652857143,3174388.2392381765
2021-11-09,2462296.67,3415,11,1,2064680.43,3072730.67,1719928.2728571428,3078768.975617195
2021-11-10,1774844.23,3416,11,2,2462296.67,1262904.96,1632723.4157142858,2983149.7119962135
2021-11-11,1412638.65,3417,11,3,1774844.23,1344901.28,1705857.597142857,2887530.448375232
2021-11-12,1777590.33,3418,11,4,1412638.65,1257605.18,1715534.3642857142,2791911.1847542506
2021-11-13,1291079.97,3419,11,5,1777590.33,2093872.9,1789817.9571428571,2696291.9211332686
2021-11-14,1228705.01,3420,11,6,1291079.97,942802.49,1675133.2528571428,2600672.657512287
2021-11-15,1206377.91,3421,11,0,1228705.01,2064680.43,1715976.47,3170450.838393346
2021-11-16,2106714.51,3422,11,1,1206377.91,2462296.67,1593361.8242857142,3074831.5747723645
2021-11-17,1531889.09,3423,11,2,2106714.51,1774844.23,1542564.3728571427,2979212.311151383
2021-11-18,1661241.07,3424,11,3,1531889.09,1412638.65,1507856.4957142856,2883593.047530401
2021-11-19,1253389.32,3425,11,4,1661241.07,1777590.33,1543371.1271428573,2787973.7839094196
2021-11-20,1071404.44,3426,11,5,1253389.32,1291079.97,1468485.2685714287,2692354.520288438
2021-11-21,1222908.7,3427,11,6,1071404.44,1228705.01,1437103.05,2596735.2566674566
2021-11-22,1558297.56,3428,11,0,1222908.7,1206377.91,1436275.0057142857,3166513.4375485154
2021-11-23,1613168.79,3429,11,1,1558297.56,2106714.51,1486549.2414285713,3070894.173927534
2021-11-24,1665269.85,3430,11,2,1613168.79,1531889.09,1416042.7100000002,2975274.910306552
2021-11-25,1278003.36,3431,11,3,1665269.85,1661241.07,1435097.1042857144,2879655.6466855705
2021-11-26,970756.2,3432,11,4,1278003.36,1253389.32,1380348.8599999999,2784036.383064589
2021-11-27,1407280.07,3433,11,5,970756.2,1071404.44,1339972.7,2688417.1194436075
2021-11-28,2359645.42,3434,11,6,1407280.07,1222908.7,1387954.932857143,2592797.8558226265
2021-11-29,1830856.99,3435,11,0,2359645.42,1558297.56,1550345.892857143,3162576.036703685
2021-11-30,2987950.32,3436,11,1,1830856.99,1613168.79,1589282.9542857143,3066956.773082703
2021-12-01,1881588.13,3437,12,2,2987950.32,1665269.85,1785680.3157142855,2817232.7212154204
2021-12-02,1911470.99,3438,12,3,1881588.13,1278003.36,1816582.9271428569,2721613.4575944385
2021-12-03,586748.17,3439,12,4,1911470.99,970756.2,1907078.3028571426,2625994.193973457
2021-12-04,819389.63,3440,12,5,586748.17,1407280.07,1852220.0128571426,2530374.9303524755
2021-12-05,1101768.07,3441,12,6,819389.63,2359645.42,1768235.664285714,2434755.6667314945
2021-12-06,1167887.5,3442,12,0,1101768.07,1830856.99,1588538.9000000001,3004533.847612553
2021-12-07,708706.53,3443,12,1,1167887.5,2987950.32,1493828.972857143,2908914.5839915713
2021-12-08,919265.14,3444,12,2,708706.53,1881588.13,1168222.7171428571,2813295.3203705894
2021-12-09,999032.78,3445,12,3,919265.14,1911470.99,1030748.0042857144,2717676.056749608
2021-12-10,1214991.34,3446,12,4,999032.78,586748.17,900399.6885714286,2622056.7931286264
2021-12-11,948995.31,3447,12,5,1214991.34,819389.63,990148.7128571429,2526437.5295076454
2021-12-12,1285064.15,3448,12,6,948995.31,1101768.07,1008663.8099999999,2430818.2658866635
2021-12-13,1112918.62,3449,12,0,1285064.15,1167887.5,1034848.9642857143,3000596.4467677223
2021-12-14,1821860.68,3450,12,1,1112918.62,708706.53,1026996.2671428572,2904977.1831467403
2021-12-15,1773908.51,3451,12,2,1821860.68,919265.14,1186018.2885714285,2809357.919525759
2021-12-16,1771984.63,3452,12,3,1773908.51,999032.78,1308110.1985714287,2713738.6559047773
2021-12-17,1463605.82,3453,12,4,1771984.63,1214991.34,1418531.8914285714,2618119.392283796
2021-12-18,1214550.47,3454,12,5,1463605.82,948995.31,1454048.2457142859,2522500.1286628144
2021-12-19,1546435.59,3455,12,6,1214550.47,1285064.15,1491984.697142857,2426880.8650418324
2021-12-20,1676753.39,3456,12,0,1546435.59,1112918.62,1529323.4742857143,2996659.0459228912
2021-12-21,2017237.85,3457,12,1,1676753.39,1821860.68,1609871.2985714285,2901039.7823019098
2021-12-22,2327738.57,3458,12,2,2017237.85,1773908.51,1637782.322857143,2805420.5186809283
2021-12-23,2415914.18,3459,12,3,2327738.57,1771984.63,1716900.902857143,2709801.255059947
2021-12-24,1448810.25,3460,12,4,2415914.18,1463605.82,1808890.8385714286,2614181.9914389653
2021-12-25,1120986.7,3461,12,5,1448810.25,1214550.47,1806777.1857142856,2518562.7278179834
2021-12-26,1317218.46,3462,12,6,1120986.7,1546435.59,1793410.932857143,2422943.4641970024
2021-12-27,1025037.51,3463,12,0,1317218.46,1676753.39,1760665.6285714286,2992721.6450780607
2021-12-28,1855064.19,3464,12,1,1025037.51,2017237.85,1667563.3599999999,2897102.381457079
2021-12-29,4065184.9,3465,12,2,1855064.19,2327738.57,1644395.6942857143,2801483.1178360977
2021-12-30,3842586.5,3466,12,3,4065184.9,2415914.18,1892602.3128571429,2705863.8542151162
2021-12-31,3041203.79,3467,12,4,3842586.5,1448810.25,2096412.6442857143,2610244.5905941343
2022-01-01,2932155.47,3468,1,5,3041203.79,1120986.7,2323897.435714286,4209777.997682465
2022-01-02,2361965.0,3469,1,6,2932155.47,1317218.46,2582635.8314285716,4114158.734061484
2022-01-03,545563.72,3470,1,0,2361965.0,1025037.51,2731885.3371428573,4683936.914942543
2022-01-04,1242319.38,3471,1,1,545563.72,1855064.19,2663389.0814285716,4588317.651321562
2022-01-05,809977.6,3472,1,2,1242319.38,4065184.9,2575854.108571429,4492698.38770058
2022-01-06,993048.62,3473,1,3,809977.6,3842586.5,2110824.4942857143,4397079.124079598
2022-01-07,1294963.64,3474,1,4,993048.62,3041203.79,1703747.6542857143,4301459.860458616
2022-01-08,1641747.05,3475,1,5,1294963.64,2932155.47,1454284.7757142857,4205840.596837635
2022-01-09,1706485.37,3476,1,6,1641747.05,2361965.0,1269940.7157142856,4110221.3332166537
2022-01-10,2569113.21,3477,1,0,1706485.37,545563.72,1176300.7685714285,4679999.514097713
2022-01-11,1640806.35,3478,1,1,2569113.21,1242319.38,1465379.2671428572,4584380.250476731
2022-01-12,1775526.5,3479,1,2,1640806.35,809977.6,1522305.9771428572,4488760.986855749
2022-01-13,1173172.99,3480,1,3,1775526.5,993048.62,1660241.5342857144,4393141.723234767
2022-01-14,1548726.82,3481,1,4,1173172.99,1294963.64,1685973.5871428573,4297522.459613786
2022-01-15,1461990.71,3482,1,5,1548726.82,1641747.05,1722225.47,4201903.195992805
2022-01-16,2064339.13,3483,1,6,1461990.71,1706485.37,1696545.9928571428,4106283.932371823
2022-01-17,1621773.2,3484,1,0,2064339.13,2569113.21,1747667.9585714287,4676062.113252882
2022-01-18,1861205.18,3485,1,1,1621773.2,1640806.35,1612333.6714285712,4580442.8496319
2022-01-19,2020862.53,3486,1,2,1861205.18,1775526.5,1643819.2185714284,4484823.586010918
2022-01-20,1249233.56,3487,1,3,2020862.53,1173172.99,1678867.2228571426,4389204.322389937
2022-01-21,1580948.85,3488,1,4,1249233.56,1548726.82,1689733.0185714285,4293585.058768956
2022-01-22,1758593.8,3489,1,5,1580948.85,1461990.71,1694336.1657142856,4197965.795147974
2022-01-23,1785338.17,3490,1,6,1758593.8,2064339.13,1736708.0357142857,4102346.531526992
2022-01-24,1915906.28,3491,1,0,1785338.17,1621773.2,1696850.755714286,4672124.712408051
2022-01-25,2471179.3,3492,1,1,1915906.28,1861205.18,1738869.767142857,4576505.448787069
2022-01-26,2278973.82,3493,1,2,2471179.3,2020862.53,1826008.927142857,4480886.185166088
2022-01-27,1604489.99,3494,1,3,2278973.82,1249233.56,1862881.9685714287,4385266.921545107
2022-01-28,2792317.48,3495,1,4,1604489.99,1580948.85,1913632.8871428573,4289647.657924125
2022-01-29,3897632.5,3496,1,5,2792317.48,1758593.8,2086685.5485714285,4194028.394303143
2022-01-30,3903300.55,3497,1,6,3897632.5,1785338.17,2392262.5057142857,4098409.1306821615
2022-01-31,3159829.55,3498,1,0,3903300.55,1915906.28,2694828.56,4668187.31156322
2022-02-01,3672475.88,3499,2,1,3159829.55,2471179.3,2872531.884285714,4418463.259695938
2022-02-02,3072419.17,3500,2,2,3672475.88,2278973.82,3044145.6814285717,4322843.996074956
2022-02-03,1056919.3,3501,2,3,3072419.17,1604489.99,3157495.0171428574,4227224.732453974
2022-02-04,1135262.35,3502,2,4,1056919.3,2792317.48,3079270.632857143,4131605.468832993
2022-02-05,1325806.77,3503,2,5,1135262.35,3897632.5,2842548.471428571,4035986.2052120115
2022-02-06,1360544.32,3504,2,6,1325806.77,3903300.55,2475144.7957142857,3940366.94159103
2022-02-07,1777072.87,3505,2,0,1360544.32,3159829.55,2111893.9057142856,4510145.122472089
2022-02-08,2324022.32,3506,2,1,1777072.87,3672475.88,1914357.2371428572,4414525.858851107
2022-02-09,2087968.13,3507,2,2,2324022.32,3072419.17,1721721.0142857141,4318906.595230125
2022-02-10,1681958.09,3508,2,3,2087968.13,1056919.3,1581085.1514285714,4223287.331609144
2022-02-11,1868277.55,3509,2,4,1681958.09,1135262.35,1670376.407142857,4127668.0679881624
2022-02-12,2483675.48,3510,2,5,1868277.55,1325806.77,1775092.8642857145,4032048.804367181
2022-02-13,2471088.82,3511,2,6,2483675.48,1360544.32,1940502.68,3936429.540746199
2022-02-14,2477651.08,3512,2,0,2471088.82,1777072.87,2099151.8942857143,4506207.721627258
2022-02-15,2911470.49,3513,2,1,2477651.08,2324022.32,2199234.495714286,4410588.458006276
2022-02-16,3189077.73,3514,2,2,2911470.49,2087968.13,2283155.6628571427,4314969.194385295
2022-02-17,2365001.98,3515,2,3,3189077.73,1681958.09,2440457.034285714,4219349.930764314
2022-02-18,2218074.92,3516,2,4,2365001.98,1868277.55,2538034.7328571426,4123730.6671433314
2022-02-19,2497284.24,3517,2,5,2218074.92,2483675.48,2588005.785714286,4028111.40352235
2022-02-20,3274514.0,3518,2,6,2497284.24,2471088.82,2589949.8942857147,3932492.1399013684
2022-02-21,3231879.49,3519,2,0,3274514.0,2477651.08,2704724.9200000004,4502270.320782427
2022-02-22,3646117.64,3520,2,1,3231879.49,2911470.49,2812471.8357142857,4406651.057161446
2022-02-23,3297595.34,3521,2,2,3646117.64,3189077.73,2917421.4285714286,4311031.793540465
2022-02-24,2768850.97,3522,2,3,3297595.34,2365001.98,2932923.944285714,4215412.529919483
2022-02-25,2943786.98,3523,2,4,2768850.97,2218074.92,2990616.6571428576,4119793.266298501
2022-02-26,6304749.98,3524,2,5,2943786.98,2497284.24,3094289.8085714285,4024174.0026775193
2022-02-27,5652340.75,3525,2,6,6304749.98,3274514.0,3638213.4857142856,3928554.739056538
2022-02-28,6007208.86,3526,2,0,5652340.75,3231879.49,3977903.021428571,4498332.919937597
2022-03-01,4532724.33,3527,3,1,6007208.86,3646117.64,4374378.645714286,4248608.868070314
2022-03-02,5221766.09,3528,3,2,4532724.33,3297595.34,4501036.744285715,4152989.604449332
2022-03-03,1113577.08,3529,3,3,5221766.09,2768850.97,4775918.28,4057370.3408283507
2022-03-04,1265611.41,3530,3,4,1113577.08,2943786.98,4539450.581428572,3961751.0772073693
2022-03-05,1917604.21,3531,3,5,1265611.41,6304749.98,4299711.214285715,3866131.8135863873
2022-03-06,2406752.08,3532,3,6,1917604.21,5652340.75,3672976.104285714,3770512.549965406
2022-03-07,3077438.94,3533,3,0,2406752.08,6007208.86,3209320.5799999996,4340290.730846465
2022-03-08,3777839.97,3534,3,1,3077438.94,4532724.33,2790782.02,4244671.467225483
2022-03-09,4138590.91,3535,3,2,3777839.97,5221766.09,2682941.3971428573,4149052.2036045017
2022-03-10,3544992.79,3536,3,3,4138590.91,1113577.08,2528202.0857142857,4053432.93998352
2022-03-11,3499825.21,3537,3,4,3544992.79,1265611.41,2875547.187142857,3957813.6763625382
2022-03-12,3731020.06,3538,3,5,3499825.21,1917604.21,3194720.5871428573,3862194.4127415568
2022-03-13,4026635.22,3539,3,6,3731020.06,2406752.08,3453779.9942857143,3766575.1491205753
2022-03-14,4709281.9,3540,3,0,4026635.22,3077438.94,3685191.8714285716,4336353.330001634
2022-03-15,4619237.89,3541,3,1,4709281.9,3777839.97,3918312.294285714,4240734.066380653
2022-03-16,4519934.96,3542,3,2,4619237.89,4138590.91,4038511.9971428574,4145114.802759671
2022-03-17,5222281.22,3543,3,3,4519934.96,3544992.79,4092989.7185714287,4049495.539138689
2022-03-18,4426435.98,3544,3,4,5222281.22,3499825.21,4332602.351428571,3953876.2755177077
2022-03-19,4313906.61,3545,3,5,4426435.98,3731020.06,4464975.318571429,3858257.011896726
2022-03-20,4198964.15,3546,3,6,4313906.61,4026635.22,4548244.8257142855,3762637.7482757447
2022-03-21,4036051.82,3547,3,0,4198964.15,4709281.9,4572863.244285715,4332415.9291568035
2022-03-22,4626820.15,3548,3,1,4036051.82,4619237.89,4476687.518571429,4236796.665535822
2022-03-23,5301842.45,3549,3,2,4626820.15,4519934.96,4477770.698571429,4141177.40191484
2022-03-24,5052034.89,3550,3,3,5301842.45,5222281.22,4589471.768571428,4045558.1382938586
2022-03-25,4122489.22,3551,3,4,5052034.89,4426435.98,4565150.864285714,3949938.874672877
2022-03-26,4325007.4,3552,3,5,4122489.22,4313906.61,4521729.898571429,3854319.6110518957
2022-03-27,5169170.11,3553,3,6,4325007.4,4198964.15,4523315.725714286,3758700.347430914
2022-03-28,4855258.01,3554,3,0,5169170.11,4036051.82,4661916.577142857,4328478.5283119725
2022-03-29,4908504.49,3555,3,1,4855258.01,4626820.15,4778946.032857143,4232859.2646909915
2022-03-30,11643208.73,3556,3,2,4908504.49,5301842.45,4819186.6528571425,4137240.0010700095
2022-03-31,9233141.0,3557,3,3,11643208.73,5052034.89,5725096.121428572,4041620.737449028
2022-04-01,8299060.74,3558,4,4,9233141.0,4122489.22,6322396.994285715,3791896.685581745
2022-04-02,8289456.22,3559,4,5,8299060.74,4325007.4,6919050.068571429,3696277.4219607636
2022-04-03,6547965.12,3560,4,6,8289456.22,5169170.11,7485399.899999999,3600658.158339782
2022-04-04,1974536.55,3561,4,0,6547965.12,4855258.01,7682370.615714285,4170436.339220841
2022-04-05,3017582.3,3562,4,1,1974536.55,4908504.49,7270838.978571429,4074817.0755998595
2022-04-06,2934004.6,3563,4,2,3017582.3,11643208.73,7000707.237142856,3979197.8119788775
2022-04-07,1947894.58,3564,4,3,2934004.6,9233141.0,5756535.218571429,3883578.548357896
2022-04-08,2516364.3,3565,4,4,1947894.58,8299060.74,4715785.7299999995,3787959.2847369146
2022-04-09,3523261.24,3566,4,5,2516364.3,8289456.22,3889686.238571428,3692340.021115933
2022-04-10,3747690.93,3567,4,6,3523261.24,6547965.12,3208801.2414285713,3596720.7574949516
2022-04-11,4187283.4,3568,4,0,3747690.93,1974536.55,2808762.0714285714,4166498.9383760104
2022-04-12,4300020.35,3569,4,1,4187283.4,3017582.3,3124868.764285714,4070879.6747550284
2022-04-13,4888627.31,3570,4,2,4300020.35,2934004.6,3308074.1999999997,3975260.411134047
2022-04-14,4670014.27,3571,4,3,4888627.31,1947894.58,3587306.0157142854,3879641.1475130655
2022-04-15,4908291.49,3572,4,4,4670014.27,2516364.3,3976180.2571428567,3784021.883892084
2022-04-16,5147946.06,3573,4,5,4908291.49,3523261.24,4317884.141428572,3688402.6202711025
2022-04-17,4470361.38,3574,4,6,5147946.06,3747690.93,4549981.972857143,3592783.356650121
2022-04-18,3680888.01,3575,4,0,4470361.38,4187283.4,4653220.608571428,4162561.5375311794
2022-04-19,4426735.65,3576,4,1,3680888.01,4300020.35,4580878.41,4066942.273910198
2022-04-20,4874458.71,3577,4,2,4426735.65,4888627.31,4598980.595714285,3971323.0102892164
2022-04-21,2926459.0,3578,4,3,4874458.71,4670014.27,4596956.51,3875703.746668235
2022-04-22,4609506.19,3579,4,4,2926459.0,4908291.49,4347877.185714286,3780084.4830472535
2022-04-23,4709847.04,3580,4,5,4609506.19,5147946.06,4305193.571428572,3684465.2194262715
2022-04-24,5020542.99,3581,4,6,4709847.04,4470361.38,4242607.997142857,3588845.95580529
2022-04-25,4873788.42,3582,4,0,5020542.99,3680888.01,4321205.37,4158624.136686349
2022-04-26,5688161.6,3583,4,1,4873788.42,4426735.65,4491619.714285715,4063004.8730653673
2022-04-27,5361513.76,3584,4,2,5688161.6,4874458.71,4671823.421428571,3967385.609444386
2022-04-28,5590934.3,3585,4,3,5361513.76,2926459.0,4741402.714285715,3871766.3458234044
2022-04-29,7579535.07,3586,4,4,5590934.3,4609506.19,5122042.042857142,3776147.0822024224
2022-04-30,6592777.23,3587,4,5,7579535.07,4709847.04,5546331.882857143,3680527.818581441
2022-05-01,5680859.44,3588,5,6,6592777.23,5020542.99,5815321.909999999,3430803.7667141585
2022-05-02,4291036.44,3589,5,0,5680859.44,4873788.42,5909652.831428572,4000581.947595217
2022-05-03,5504853.65,3590,5,1,4291036.44,5688161.6,5826402.548571429,3904962.6839742353
2022-05-04,1792730.62,3591,5,2,5504853.65,5361513.76,5800215.698571429,3809343.420353254
2022-05-05,3556300.98,3592,5,3,1792730.62,5590934.3,5290389.535714285,3713724.1567322724
2022-05-06,2532060.94,3593,5,4,3556300.98,7579535.07,4999727.632857143,3618104.893111291
2022-05-07,3620303.23,3594,5,5,2532060.94,6592777.23,4278659.9,3522485.629490309
2022-05-08,2468343.71,3595,5,6,3620303.23,5680859.44,3854020.757142857,3426866.3658693274
2022-05-09,2985986.67,3596,5,0,2468343.71,4291036.44,3395089.9385714284,3996644.5467503862
2022-05-10,3668495.19,3597,5,1,2985986.67,5504853.65,3208654.257142857,3901025.2831294048
2022-05-11,4347378.73,3598,5,2,3668495.19,1792730.62,2946317.334285714,3805406.0195084233
2022-05-12,4753134.02,3599,5,3,4347378.73,3556300.98,3311267.064285714,3709786.755887442
2022-05-13,3479131.38,3600,5,4,4753134.02,2532060.94,3482243.212857143,3614167.49226646
2022-05-14,4406804.98,3601,5,5,3479131.38,3620303.23,3617538.9899999998,3518548.2286454784
2022-05-15,4455089.7,3602,5,6,4406804.98,2468343.71,3729896.382857143,3422928.965024497
2022-05-16,4323621.35,3603,5,0,4455089.7,2985986.67,4013717.238571428,3992707.1459055557
2022-05-17,4158982.96,3604,5,1,4323621.35,3668495.19,4204807.907142857,3897087.882284574
2022-05-18,6094171.87,3605,5,2,4158982.96,4347378.73,4274877.588571428,3801468.6186635927
2022-05-19,5824908.18,3606,5,3,6094171.87,4753134.02,4524419.465714285,3705849.355042611
2022-05-20,2226534.2,3607,5,4,5824908.18,3479131.38,4677530.06,3610230.0914216293
2022-05-21,4033154.28,3608,5,5,2226534.2,4406804.98,4498587.605714286,3514610.827800648
2022-05-22,5000275.74,3609,5,6,4033154.28,4455089.7,4445208.934285714,3418991.5641796663
2022-05-23,3647180.26,3610,5,0,5000275.74,4323621.35,4523092.654285714,3988769.745060725
2022-05-24,4442598.36,3611,5,1,3647180.26,4158982.96,4426458.212857143,3893150.481439743
2022-05-25,6573956.43,3612,5,2,4442598.36,6094171.87,4466974.698571429,3797531.2178187617
2022-05-26,6284218.49,3613,5,3,6573956.43,5824908.18,4535515.35,3701911.95419778
2022-05-27,3652675.9,3614,5,4,6284218.49,2226534.2,4601131.108571429,3606292.6905767987
2022-05-28,3223975.84,3615,5,5,3652675.9,4033154.28,4804865.637142858,3510673.4269558173
2022-05-29,5327455.25,3616,5,6,3223975.84,5000275.74,4689268.717142857,3415054.163334836
2022-05-30,8158502.0,3617,5,0,5327455.25,3647180.26,4736008.647142857,3984832.344215894
2022-05-31,8513166.37,3618,5,1,8158502.0,4442598.36,5380483.181428571,3889213.0805949126
2022-06-01,8373363.4,3619,6,2,8513166.37,6573956.43,5961992.897142857,3639489.02872763
2022-06-02,8325437.52,3620,6,3,8373363.4,6284218.49,6219051.035714285,3543869.7651066487
2022-06-03,6585522.44,3621,6,4,8325437.52,3652675.9,6510653.754285715,3448250.5014856667
2022-06-04,2998952.42,3622,6,5,6585522.44,3223975.84,6929631.831428572,3352631.2378646852
2022-06-05,2945501.79,3623,6,6,2998952.42,5327455.25,6897485.628571428,3257011.9742437038
2022-06-06,3100859.0,3624,6,0,2945501.79,8158502.0,6557206.562857144,3826790.1551247626
2022-06-07,3673238.8,3625,6,1,3100859.0,8513166.37,5834686.134285714,3731170.891503781
2022-06-08,3686799.9,3626,6,2,3673238.8,8373363.4,5143267.909999999,3635551.6278827996
2022-06-09,2619038.14,3627,6,3,3686799.9,8325437.52,4473758.838571428,3539932.3642618177
2022-06-10,3369544.01,3628,6,4,2619038.14,6585522.44,3658558.9271428576,3444313.100640836
2022-06-11,4463584.56,3629,6,5,3369544.01,2998952.42,3199133.437142857,3348693.8370198547
2022-06-12,4561669.81,3630,6,6,4463584.56,2945501.79,3408366.6,3253074.573398873
2022-06-13,4221162.05,3631,6,0,4561669.81,3100859.0,3639247.7457142854,3822852.754279932
2022-06-14,4843640.76,3632,6,1,4221162.05,3673238.8,3799291.038571428,3727233.4906589505
2022-06-15,4969823.53,3633,6,2,4843640.76,3686799.9,3966491.318571429,3631614.2270379686
2022-06-16,4143877.35,3634,6,3,4969823.53,2619038.14,4149780.4085714286,3535994.963416987
2022-06-17,4914374.7,3635,6,4,4143877.35,3369544.01,4367614.581428571,3440375.6997960056
2022-06-18,4817780.87,3636,6,5,4914374.7,4463584.56,4588304.68,3344756.436175024
2022-06-19,3795086.21,3637,6,6,4817780.87,4561669.81,4638904.1528571425,3249137.1725540427
2022-06-20,3323030.57,3638,6,0,3795086.21,4221162.05,4529392.21,3818915.353435101
2022-06-21,4271838.09,3639,6,1,3323030.57,4843640.76,4401087.712857143,3723296.0898141195
2022-06-22,5182306.11,3640,6,2,4271838.09,4969823.53,4319401.617142857,3627676.826193138
2022-06-23,3276933.23,3641,6,3,5182306.11,4143877.35,4349756.271428571,3532057.5625721565
2022-06-24,4334289.08,3642,6,4,3276933.23,4914374.7,4225907.111428572,3436438.298951175
2022-06-25,3650772.37,3643,6,5,4334289.08,4817780.87,4143037.7371428567,3340819.0353301936
2022-06-26,3313898.55,3644,6,6,3650772.37,3795086.21,3976322.237142857,3245199.7717092116
2022-06-27,3481464.68,3645,6,0,3313898.55,3323030.57,3907581.1428571427,3814977.9525902704
2022-06-28,5799352.35,3646,6,1,3481464.68,4271838.09,3930214.5871428573,3719358.688969289
2022-06-29,7265484.49,3647,6,2,5799352.35,5182306.11,4148430.9099999997,3623739.4253483075
2022-06-30,5503799.91,3648,6,3,7265484.49,3276933.23,4446027.821428572,3528120.161727326
2022-07-01,5150082.22,3649,7,4,5503799.91,4334289.08,4764151.632857143,3278396.109860043
2022-07-02,4591824.74,3650,7,5,5150082.22,3650772.37,4880693.51,3182776.8462390616
2022-07-03,3487232.0,3651,7,6,4591824.74,3313898.55,5015129.562857143,3087157.58261808
2022-07-04,1208545.64,3652,7,0,3487232.0,3481464.68,5039891.484285714,3656935.763499139
2022-07-05,1079245.09,3653,7,1,1208545.64,5799352.35,4715188.764285714,3561316.4998781574
2022-07-06,2003115.26,3654,7,2,1079245.09,7265484.49,4040887.727142857,3465697.2362571754
2022-07-07,2178171.4,3655,7,3,2003115.26,5503799.91,3289120.694285714,3370077.972636194
2022-07-08,1881078.1,3656,7,4,2178171.4,5150082.22,2814030.9071428576,3274458.7090152125
2022-07-09,1988747.3,3657,7,5,1881078.1,4591824.74,2347030.318571429,3178839.445394231
2022-07-10,2250020.87,3658,7,6,1988747.3,3487232.0,1975162.1128571427,3083220.1817732495
2022-07-11,3085208.06,3659,7,0,2250020.87,1208545.64,1798417.6657142858,3652998.3626543083
2022-07-12,3275001.85,3660,7,1,3085208.06,1079245.09,2066512.2971428572,3557379.0990333264
2022-07-13,3331997.68,3661,7,2,3275001.85,2003115.26,2380191.834285714,3461759.835412345
2022-07-14,3428606.64,3662,7,3,3331997.68,2178171.4,2570032.18,3366140.5717913634
2022-07-15,3272104.3,3663,7,4,3428606.64,1881078.1,2748665.785714286,3270521.308170382
2022-07-16,3060600.17,3664,7,5,3272104.3,1988747.3,2947383.814285714,3174902.0445494005
2022-07-17,3238870.01,3665,7,6,3060600.17,2250020.87,3100505.652857143,3079282.7809284185
2022-07-18,3305333.1,3666,7,0,3238870.01,3085208.06,3241769.8157142857,3649060.9618094773
2022-07-19,3101945.44,3667,7,1,3305333.1,3275001.85,3273216.25,3553441.698188496
2022-07-20,3436240.82,3668,7,2,3101945.44,3331997.68,3248493.9057142856,3457822.4345675143
2022-07-21,3596036.01,3669,7,3,3436240.82,3428606.64,3263385.782857143,3362203.170946533
2022-07-22,2771453.13,3670,7,4,3596036.01,3272104.3,3287304.2642857144,3266583.9073255514
2022-07-23,4190232.53,3671,7,5,2771453.13,3060600.17,3215782.6685714284,3170964.6437045694
2022-07-24,3833852.9,3672,7,6,4190232.53,3238870.01,3377158.7199999997,3075345.380083588
2022-07-25,2614143.21,3673,7,0,3833852.9,3305333.1,3462156.2757142857,3645123.5609646467
2022-07-26,3176075.37,3674,7,1,2614143.21,3101945.44,3363414.862857143,3549504.2973436653
2022-07-27,4214912.76,3675,7,2,3176075.37,3436240.82,3374004.8528571427,3453885.033722684
2022-07-28,4859620.98,3676,7,3,4214912.76,3596036.01,3485243.7014285713,3358265.7701017023
2022-07-29,3226100.81,3677,7,4,4859620.98,2771453.13,3665755.84,3262646.5064807204
2022-07-30,2682461.47,3678,7,5,3226100.81,4190232.53,3730705.5085714282,3167027.242859739
2022-07-31,4622917.86,3679,7,6,2682461.47,3833852.9,3515309.642857143,3071407.9792387574
2022-08-01,4081818.17,3680,8,0,4622917.86,2614143.21,3628033.208571429,3487081.3718735147
2022-08-02,4490226.96,3681,8,1,4081818.17,3176075.37,3837701.06,3391462.1082525332
2022-08-03,5085558.26,3682,8,2,4490226.96,4214912.76,4025437.0014285715,3295842.8446315518
2022-08-04,4345026.44,3683,8,3,5085558.26,4859620.98,4149814.93,3200223.5810105703
2022-08-05,2114789.45,3684,8,4,4345026.44,3226100.81,4076301.424285714,3104604.317389589
2022-08-06,2325289.52,3685,8,5,2114789.45,2682461.47,3917542.658571429,3008985.053768607
2022-08-07,2331541.43,3686,8,6,2325289.52,4622917.86,3866518.0942857144,2913365.7901476254
2022-08-08,3054473.91,3687,8,0,2331541.43,4081818.17,3539178.604285714,3483143.971028684
2022-08-09,2488386.71,3688,8,1,3054473.91,4490226.96,3392415.138571429,3387524.7074077027
2022-08-10,2963483.62,3689,8,2,2488386.71,5085558.26,3106437.9600000004,3291905.443786721
2022-08-11,3674343.1,3690,8,3,2963483.62,4345026.44,2803284.44,3196286.1801657397
2022-08-12,2787707.25,3691,8,4,3674343.1,2114789.45,2707472.5342857144,3100666.916544758
2022-08-13,1789226.45,3692,8,5,2787707.25,2325289.52,2803603.648571429,3005047.6529237763
2022-08-14,2557373.24,3693,8,6,1789226.45,2331541.43,2727023.2100000004,2909428.389302795
2022-08-15,3869248.63,3694,8,0,2557373.24,3054473.91,2759284.8971428573,3479206.5701838536
2022-08-16,3139997.28,3695,8,1,3869248.63,2488386.71,2875681.285714286,3383587.306562872
2022-08-17,3480892.06,3696,8,2,3139997.28,2963483.62,2968768.5100000002,3287968.0429418907
2022-08-18,4171974.77,3697,8,3,3480892.06,3674343.1,3042684.0014285715,3192348.7793209087
2022-08-19,2011108.63,3698,8,4,4171974.77,2787707.25,3113774.2399999998,3096729.515699927
2022-08-20,2479005.37,3699,8,5,2011108.63,1789226.45,3002831.5799999996,3001110.2520789457
2022-08-21,2235990.02,3700,8,6,2479005.37,2557373.24,3101371.4257142856,2905490.9884579643
2022-08-22,3743695.22,3701,8,0,2235990.02,3869248.63,3055459.537142857,3475269.169339023
2022-08-23,2422220.1,3702,8,1,3743695.22,3139997.28,3037523.3357142857,3379649.905718041
2022-08-24,3292983.26,3703,8,2,2422220.1,3480892.06,2934983.738571428,3284030.6420970596
2022-08-25,3512475.16,3704,8,3,3292983.26,4171974.77,2908139.6242857142,3188411.378476078
2022-08-26,3544046.7,3705,8,4,3512475.16,2011108.63,2813925.3942857147,3092792.1148550967
2022-08-27,2367664.33,3706,8,5,3544046.7,2479005.37,3032916.547142857,2997172.851234115
2022-08-28,7051722.27,3707,8,6,2367664.33,2235990.02,3017010.6842857143,2901553.5876131337
2022-08-29,7928796.83,3708,8,0,7051722.27,3743695.22,3704972.4342857143,3471331.768494192
2022-08-30,6574345.89,3709,8,1,7928796.83,2422220.1,4302844.092857143,3375712.5048732106
2022-08-31,7627532.44,3710,8,2,6574345.89,3292983.26,4896004.92,3280093.241252229
2022-09-01,6284732.49,3711,9,3,7627532.44,3512475.16,5515226.231428571,3030369.189384946
2022-09-02,1902817.9,3712,9,4,6284732.49,3544046.7,5911262.992857143,2934749.9257639647
2022-09-03,1443083.36,3713,9,5,1902817.9,2367664.33,5676801.735714286,2839130.662142983
2022-09-04,1814811.35,3714,9,6,1443083.36,7051722.27,5544718.74,2743511.3985220017
2022-09-05,2214621.47,3715,9,0,1814811.35,7928796.83,4796588.608571428,3313289.5794030605
2022-09-06,1440405.44,3716,9,1,2214621.47,6574345.89,3980277.8428571424,3217670.3157820785
2022-09-07,1890879.55,3717,9,2,1440405.44,7627532.44,3246857.7785714283,3122051.052161097
2022-09-08,3137260.99,3718,9,3,1890879.55,6284732.49,2427335.937142857,3026431.7885401156
2022-09-09,1905843.43,3719,9,4,3137260.99,1902817.9,1977697.1514285714,2930812.524919134
2022-09-10,3003150.84,3720,9,5,1905843.43,1443083.36,1978129.3699999999,2835193.2612981526
2022-09-11,3574194.77,3721,9,6,3003150.84,1814811.35,2200996.152857143,2739573.997677171
2022-09-12,3415849.51,3722,9,0,3574194.77,2214621.47,2452336.6414285717,3309352.1785582295
2022-09-13,2521208.91,3723,9,1,3415849.51,1440405.44,2623940.6471428573,3213732.914937248
2022-09-14,2125189.04,3724,9,2,2521208.91,1890879.55,2778341.1428571427,3118113.6513162665
2022-09-15,3154006.65,3725,9,3,2125189.04,3137260.99,2811813.9271428576,3022494.387695285
2022-09-16,2557894.76,3726,9,4,3154006.65,1905843.43,2814206.1642857143,2926875.1240743035
2022-09-17,1810510.0,3727,9,5,2557894.76,3003150.84,2907356.354285714,2831255.860453322
2022-09-18,2355578.71,3728,9,6,1810510.0,3574194.77,2736979.0914285714,2735636.59683234
2022-09-19,2832515.44,3729,9,0,2355578.71,3415849.51,2562891.0828571427,3305414.777713399
2022-09-20,1813002.77,3730,9,1,2832515.44,2521208.91,2479557.6442857147,3209795.5140924174
2022-09-21,2262085.02,3731,9,2,1813002.77,2125189.04,2378385.338571429,3114176.250471436
2022-09-22,3106149.95,3732,9,3,2262085.02,3154006.65,2397941.9071428566,3018556.9868504545
2022-09-23,2634119.24,3733,9,4,3106149.95,2557894.76,2391105.2357142856,2922937.7232294725
2022-09-24,2896411.14,3734,9,5,2634119.24,1810510.0,2401994.4471428576,2827318.459608491
2022-09-25,3041369.47,3735,9,6,2896411.14,2355578.71,2557123.1814285717,2731699.1959875096
2022-09-26,5205389.57,3736,9,0,3041369.47,2832515.44,2655093.29,3301477.3768685684
2022-09-27,4259834.95,3737,9,1,5205389.57,1813002.77,2994075.308571429,3205858.113247587
2022-09-28,4257301.76,3738,9,2,4259834.95,2262085.02,3343622.7628571433,3110238.8496266054
2022-09-29,4352754.23,3739,9,3,4257301.76,3106149.95,3628653.725714286,3014619.5860056235
2022-09-30,2551313.88,3740,9,4,4352754.23,2634119.24,3806740.0514285713,2919000.322384642
2022-10-01,1469771.93,3741,10,5,2551313.88,2896411.14,3794910.714285714,2669276.2705173595
2022-10-02,1289798.82,3742,10,6,1469771.93,3041369.47,3591105.1128571434,2573657.0068963775
2022-10-03,2179072.88,3743,10,0,1289798.82,5205389.57,3340880.7342857146,3143435.1877774363
2022-10-04,2751920.12,3744,10,1,2179072.88,4259834.95,2908549.778571429,3047815.924156455
2022-10-05,1527341.84,3745,10,2,2751920.12,4257301.76,2693133.374285714,2952196.6605354734
2022-10-06,2026518.43,3746,10,3,1527341.84,4352754.23,2303139.1,2856577.396914492
2022-10-07,1406363.3,3747,10,4,2026518.43,2551313.88,1970819.6999999997,2760958.1332935104
2022-10-08,2137543.63,3748,10,5,1406363.3,1469771.93,1807255.3314285714,2665338.8696725285
2022-10-09,1805775.79,3749,10,6,2137543.63,1289798.82,1902651.2885714285,2569719.6060515475
2022-10-10,2356440.12,3750,10,0,1805775.79,2179072.88,1976362.2842857144,3139497.786932606
2022-10-11,2270162.6,3751,10,1,2356440.12,2751920.12,2001700.4614285715,3043878.5233116243
2022-10-12,1976207.14,3752,10,2,2270162.6,1527341.84,1932877.9585714287,2948259.259690643
2022-10-13,2430819.33,3753,10,3,1976207.14,2026518.43,1997001.572857143,2852639.996069661
2022-10-14,1927818.67,3754,10,4,2430819.33,1406363.3,2054758.8442857142,2757020.7324486794
2022-10-15,1986495.19,3755,10,5,1927818.67,2137543.63,2129252.4685714287,2661401.468827698
2022-10-16,1897952.11,3756,10,6,1986495.19,1805775.79,2107674.12,2565782.2052067164
2022-10-17,2507328.8,3757,10,0,1897952.11,2356440.12,2120842.165714286,3135560.386087775
2022-10-18,3170696.65,3758,10,1,2507328.8,2270162.6,2142397.6914285715,3039941.1224667937
2022-10-19,2324314.45,3759,10,2,3170696.65,1976207.14,2271045.4128571427,2944321.858845812
2022-10-20,2591151.06,3760,10,3,2324314.45,2430819.33,2320775.0285714287,2848702.5952248303
2022-10-21,2662328.56,3761,10,4,2591151.06,1927818.67,2343679.5614285716,2753083.331603849
2022-10-22,2407124.47,3762,10,5,2662328.56,1986495.19,2448609.5457142857,2657464.0679828674
2022-10-23,1971627.46,3763,10,6,2407124.47,1897952.11,2508699.442857143,2561844.8043618863
2022-10-24,2678456.17,3764,10,0,1971627.46,2507328.8,2519224.492857143,3131622.9852429447
2022-10-25,3003375.87,3765,10,1,2678456.17,3170696.65,2543671.2600000002,3036003.7216219627
2022-10-26,2345490.55,3766,10,2,3003375.87,2324314.45,2519768.291428571,2940384.4580009812
2022-10-27,2493935.72,3767,10,3,2345490.55,2591151.06,2522793.4485714287,2844765.19438
2022-10-28,4210212.53,3768,10,4,2493935.72,2662328.56,2508905.542857143,2749145.9307590183
2022-10-29,3626939.26,3769,10,5,4210212.53,2407124.47,2730031.824285715,2653526.667138037
2022-10-30,3130677.4,3770,10,6,3626939.26,1971627.46,2904291.0800000005,2557907.4035170553
2022-10-31,4630791.46,3771,10,0,3130677.4,2678456.17,3069869.6428571427,3127685.5843981137
2022-11-01,3025164.28,3772,11,1,4630791.46,3003375.87,3348774.6842857143,2877961.532530831
2022-11-02,1338326.56,3773,11,2,3025164.28,2345490.55,3351887.314285714,2782342.2689098497
2022-11-03,1253721.23,3774,11,3,1338326.56,2493935.72,3208006.7442857143,2686723.005288868
2022-11-04,1065066.0,3775,11,4,1253721.23,4210212.53,3030833.2457142854,2591103.741667887
2022-11-05,1826120.07,3776,11,5,1065066.0,3626939.26,2581526.598571428,2495484.4780469052
2022-11-06,2207719.98,3777,11,6,1826120.07,3130677.4,2324266.714285714,2399865.2144259233
2022-11-07,1655852.99,3778,11,0,2207719.98,4630791.46,2192415.654285714,2969643.395306982
2022-11-08,1781413.12,3779,11,1,1655852.99,3025164.28,1767424.4442857143,2874024.1316860006
2022-11-09,845358.47,3780,11,2,1781413.12,1338326.56,1589745.7071428574,2778404.868065019
2022-11-10,2079598.87,3781,11,3,845358.47,1253721.23,1519321.6942857143,2682785.6044440377
2022-11-11,1581745.15,3782,11,4,2079598.87,1065066.0,1637304.2142857143,2587166.340823056
2022-11-12,1354235.95,3783,11,5,1581745.15,1826120.07,1711115.5214285715,2491547.077202074
2022-11-13,2903552.41,3784,11,6,1354235.95,2207719.98,1643703.5042857141,2395927.813581093
2022-11-14,1656739.7,3785,11,0,2903552.41,1655852.99,1743108.1371428573,2965705.9944621515
2022-11-15,1547150.37,3786,11,1,1656739.7,1781413.12,1743234.81,2870086.73084117
2022-11-16,1436853.58,3787,11,2,1547150.37,845358.47,1709768.7028571428,2774467.467220188
2022-11-17,1542318.91,3788,11,3,1436853.58,2079598.87,1794268.0042857141,2678848.2035992066
2022-11-18,2067584.69,3789,11,4,1542318.91,1581745.15,1717513.7242857143,2583228.939978225
2022-11-19,1496563.56,3790,11,5,2067584.69,1354235.95,1786919.3728571427,2487609.676357244
2022-11-20,1857748.24,3791,11,6,1496563.56,2903552.41,1807251.8885714286,2391990.412736262
2022-11-21,1349907.06,3792,11,0,1857748.24,1656739.7,1657851.2928571429,2961768.593617321
2022-11-22,853188.02,3793,11,1,1349907.06,1547150.37,1614018.0585714285,2866149.329996339
2022-11-23,1060969.69,3794,11,2,853188.02,1436853.58,1514880.58,2770530.0663753576
2022-11-24,1729664.2,3795,11,3,1060969.69,1542318.91,1461182.8814285714,2674910.802754376
2022-11-25,1527923.9,3796,11,4,1729664.2,2067584.69,1487946.494285714,2579291.539133395
2022-11-26,2035639.78,3797,11,5,1527923.9,1496563.56,1410852.0957142857,2483672.275512413
2022-11-27,3138619.13,3798,11,6,2035639.78,1857748.24,1487862.984285714,2388053.011891432
2022-11-28,2104917.42,3799,11,0,3138619.13,1349907.06,1670844.5399999998,2957831.19277249
2022-11-29,2558728.79,3800,11,1,2104917.42,853188.02,1778703.162857143,2862211.9291515085
2022-11-30,1317689.52,3801,11,2,2558728.79,1060969.69,2022351.8442857142,2766592.665530527
2022-12-01,1668445.9,3802,12,3,1317689.52,1729664.2,2059026.1057142857,2516868.613663244
2022-12-02,720381.04,3803,12,4,1668445.9,1527923.9,2050280.6342857145,2421249.350042263
2022-12-03,753704.17,3804,12,5,720381.04,2035639.78,1934917.3685714286,2325630.086421281
2022-12-04,664409.51,3805,12,6,753704.17,3138619.13,1751783.7100000002,2230010.8228003
2022-12-05,1607335.1,3806,12,0,664409.51,2104917.42,1398325.1928571428,2799789.0036813584
2022-12-06,1436188.44,3807,12,1,1607335.1,2558728.79,1327242.0042857144,2704169.7400603765
2022-12-07,760218.13,3808,12,2,1436188.44,1317689.52,1166879.097142857,2608550.476439395
2022-12-08,818209.67,3809,12,3,760218.13,1668445.9,1087240.3271428572,2512931.212818414
2022-12-09,1323267.85,3810,12,4,818209.67,720381.04,965778.0085714286,2417311.949197432
2022-12-10,1598936.84,3811,12,5,1323267.85,753704.17,1051904.6957142858,2321692.685576451
2022-12-11,1420910.74,3812,12,6,1598936.84,664409.51,1172652.2200000002,2226073.421955469
2022-12-12,1983085.06,3813,12,0,1420910.74,1607335.1,1280723.8242857144,2795851.6028365274
2022-12-13,1652309.19,3814,12,1,1983085.06,1436188.44,1334402.3900000001,2700232.339215546
2022-12-14,1662243.59,3815,12,2,1652309.19,760218.13,1365276.7828571429,2604613.0755945644
2022-12-15,1494318.64,3816,12,3,1662243.59,818209.67,1494137.5628571429,2508993.811973583
2022-12-16,1482192.97,3817,12,4,1494318.64,1323267.85,1590724.5585714285,2413374.548352602
2022-12-17,1302193.74,3818,12,5,1482192.97,1598936.84,1613428.1471428573,2317755.28473162
2022-12-18,2201374.59,3819,12,6,1302193.74,1420910.74,1571036.2757142857,2222136.021110638
2022-12-19,2250767.39,3820,12,0,2201374.59,1983085.06,1682531.1114285716,2791914.201991697
2022-12-20,2026810.08,3821,12,1,2250767.39,1652309.19,1720771.4442857143,2696294.9383707154
2022-12-21,1795395.02,3822,12,2,2026810.08,1662243.59,1774271.5714285714,2600675.674749734
2022-12-22,1791622.46,3823,12,3,1795395.02,1494318.64,1793293.2042857143,2505056.411128753
2022-12-23,1501209.11,3824,12,4,1791622.46,1482192.97,1835765.1785714286,2409437.147507771
2022-12-24,1390870.89,3825,12,5,1501209.11,1302193.74,1838481.77,2313817.883886789
2022-12-25,1136772.53,3826,12,6,1390870.89,2201374.59,1851149.9342857145,2218198.620265808
2022-12-26,2110830.12,3827,12,0,1136772.53,2250767.39,1699063.9257142856,2787976.8011468663
2022-12-27,2100553.66,3828,12,1,2110830.12,2026810.08,1679072.8871428573,2692357.537525885
2022-12-28,3448729.2,3829,12,2,2100553.66,1795395.02,1689607.6842857145,2596738.2739049033
2022-12-29,3083944.33,3830,12,3,3448729.2,1791622.46,1925798.2814285713,2501119.010283922
2022-12-30,2884668.76,3831,12,4,3083944.33,1501209.11,2110415.6914285715,2405499.74666294
2022-12-31,2383037.48,3832,12,5,2884668.76,1390870.89,2308052.7842857144,2309880.483041959
