"Date","actual","forecast","residual","abs_error","pct_error"
2022-01-01,2932155.47,920049.921226406,2012105.54877359,2012105.54877359,0.686220621437101
2022-01-02,2361965,1082089.29605652,1279875.70394348,1279875.70394348,0.541869038679016
2022-01-03,545563.72,1339643.33274918,-794079.612749177,794079.612749177,-1.45552129593437
2022-01-04,1242319.38,1504839.1854161,-262519.805416097,262519.805416097,-0.211314263982662
2022-01-05,809977.6,1717373.36623561,-907395.766235608,907395.766235608,-1.12027266709056
2022-01-06,993048.62,1571407.37383413,-578358.753834133,578358.753834133,-0.582407288209245
2022-01-07,1294963.64,1083420.77181364,211542.868186359,211542.868186359,0.16335815280988
2022-01-08,1641747.05,914862.262401697,726884.787598303,726884.787598303,0.442750780394765
2022-01-09,1706485.37,1076901.63723181,629583.73276819,629583.73276819,0.368935909932934
2022-01-10,2569113.21,1334455.67392447,1234657.53607553,1234657.53607553,0.480577317990409
2022-01-11,1640806.35,1499651.52659139,141154.823408612,141154.823408612,0.086027716438696
2022-01-12,1775526.5,1712185.7074109,63340.7925891005,63340.7925891005,0.0356743718491955
2022-01-13,1173172.99,1566219.71500942,-393046.725009424,393046.725009424,-0.335028788047212
2022-01-14,1548726.82,1078233.11298893,470493.707011067,470493.707011067,0.303793865344869
2022-01-15,1461990.71,909674.603576989,552316.106423011,552316.106423011,0.377783595097544
2022-01-16,2064339.13,1071713.9784071,992625.151592898,992625.151592898,0.480844032440008
2022-01-17,1621773.2,1329268.01509976,292505.18490024,292505.18490024,0.180361338379645
2022-01-18,1861205.18,1494463.86776668,366741.31223332,366741.31223332,0.197045073898473
2022-01-19,2020862.53,1706998.04858619,313864.481413809,313864.481413809,0.155312138631127
2022-01-20,1249233.56,1561032.05618472,-311798.496184716,311798.496184716,-0.24959183468039
2022-01-21,1580948.85,1073045.45416422,507903.395835776,507903.395835776,0.32126491368508
2022-01-22,1758593.8,904486.94475228,854106.85524772,854106.85524772,0.48567603004612
2022-01-23,1785338.17,1066526.31958239,718811.850417607,718811.850417607,0.402619437872438
2022-01-24,1915906.28,1324080.35627505,591825.923724949,591825.923724949,0.308901291207704
2022-01-25,2471179.3,1489276.20894197,981903.091058029,981903.091058029,0.397341905161649
2022-01-26,2278973.82,1701810.38976148,577163.430238518,577163.430238518,0.253255840489874
2022-01-27,1604489.99,1555844.39736001,48645.5926399927,48645.5926399927,0.0303184145386863
2022-01-28,2792317.48,1067857.79533952,1724459.68466048,1724459.68466048,0.617572928942337
2022-01-29,3897632.5,899299.285927571,2998333.21407243,2998333.21407243,0.769270374790961
2022-01-30,3903300.55,1061338.66075768,2841961.88924232,2841961.88924232,0.728091996206215
2022-01-31,3159829.55,1318892.69745034,1840936.85254966,1840936.85254966,0.582606379052838
2022-02-01,3672475.88,2401164.58346586,1271311.29653414,1271311.29653414,0.346172810407712
2022-02-02,3072419.17,2613698.76428537,458720.405714625,458720.405714625,0.149302676598853
2022-02-03,1056919.3,2467732.7718839,-1410813.4718839,1410813.4718839,-1.33483556586004
2022-02-04,1135262.35,1979746.16986341,-844483.819863408,844483.819863408,-0.743866666470009
2022-02-05,1325806.77,1811187.66045146,-485380.890451464,485380.890451464,-0.366102286875081
2022-02-06,1360544.32,1973227.03528158,-612682.715281577,612682.715281577,-0.450321761867762
2022-02-07,1777072.87,2230781.07197424,-453708.201974235,453708.201974235,-0.255312097569885
2022-02-08,2324022.32,2395976.92464116,-71954.6046411553,71954.6046411553,-0.0309612364829419
2022-02-09,2087968.13,2608511.10546067,-520542.975460667,520542.975460667,-0.249305996572211
2022-02-10,1681958.09,2462545.11305919,-780587.023059191,780587.023059191,-0.464094217150911
2022-02-11,1868277.55,1974558.5110387,-106280.9610387,106280.9610387,-0.0568871370523612
2022-02-12,2483675.48,1806000.00162676,677675.478373245,677675.478373245,0.272851861618107
2022-02-13,2471088.82,1968039.37645687,503049.443543132,503049.443543132,0.20357400327809
2022-02-14,2477651.08,2225593.41314953,252057.666850474,252057.666850474,0.101732511444054
2022-02-15,2911470.49,2390789.26581645,520681.224183554,520681.224183554,0.178837884832401
2022-02-16,3189077.73,2603323.44663596,585754.283364042,585754.283364042,0.183675135244835
2022-02-17,2365001.98,2457357.45423448,-92355.4742344827,92355.4742344827,-0.0390509077859135
2022-02-18,2218074.92,1969370.85221399,248704.067786009,248704.067786009,0.112126089855436
2022-02-19,2497284.24,1800812.34280205,696471.897197954,696471.897197954,0.278891720070261
2022-02-20,3274514,1962851.71763216,1311662.28236784,1311662.28236784,0.400567010056405
2022-02-21,3231879.49,2220405.75432482,1011473.73567518,1011473.73567518,0.312967652044224
2022-02-22,3646117.64,2385601.60699174,1260516.03300826,1260516.03300826,0.34571458122461
2022-02-23,3297595.34,2598135.78781125,699459.552188751,699459.552188751,0.212112002859863
2022-02-24,2768850.97,2452169.79540977,316681.174590226,316681.174590226,0.114372777018846
2022-02-25,2943786.98,1964183.19338928,979603.786610718,979603.786610718,0.332769929776209
2022-02-26,6304749.98,1795624.68397734,4509125.29602266,4509125.29602266,0.715194941960674
2022-02-27,5652340.75,1957664.05880745,3694676.69119255,3694676.69119255,0.653654274327419
2022-02-28,6007208.86,2215218.09550011,3791990.76449989,3791990.76449989,0.631240040570171
2022-03-01,4532724.33,3831656.95132703,701067.37867297,701067.37867297,0.154667993822816
2022-03-02,5221766.09,4044191.13214654,1177574.95785346,1177574.95785346,0.225512774329089
2022-03-03,1113577.08,3898225.13974507,-2784648.05974507,2784648.05974507,-2.50063341798043
2022-03-04,1265611.41,3410238.53772457,-2144627.12772457,2144627.12772457,-1.69453839526034
2022-03-05,1917604.21,3241680.02831263,-1324075.81831263,1324075.81831263,-0.690484413523805
2022-03-06,2406752.08,3403719.40314274,-996967.323142743,996967.323142743,-0.414237648915938
2022-03-07,3077438.94,3661273.4398354,-583834.499835402,583834.499835402,-0.189714405782947
2022-03-08,3777839.97,3826469.29250232,-48629.3225023216,48629.3225023216,-0.0128722558097985
2022-03-09,4138590.91,4039003.47332183,99587.4366781674,99587.4366781674,0.0240631265191097
2022-03-10,3544992.79,3893037.48092036,-348044.690920358,348044.690920358,-0.0981792380233184
2022-03-11,3499825.21,3405050.87889987,94774.3311001342,94774.3311001342,0.0270797326761739
2022-03-12,3731020.06,3236492.36948792,494527.690512078,494527.690512078,0.132544902616278
2022-03-13,4026635.22,3398531.74431803,628103.475681966,628103.475681966,0.155987180701699
2022-03-14,4709281.9,3656085.78101069,1053196.11898931,1053196.11898931,0.223642615021477
2022-03-15,4619237.89,3821281.63367761,797956.256322387,797956.256322387,0.172746300434072
2022-03-16,4519934.96,4033815.81449712,486119.145502876,486119.145502876,0.107550031096659
2022-03-17,5222281.22,3887849.82209565,1334431.39790435,1334431.39790435,0.255526529822603
2022-03-18,4426435.98,3399863.22007516,1026572.75992484,1026572.75992484,0.231918582932909
2022-03-19,4313906.61,3231304.71066321,1082601.89933679,1082601.89933679,0.2509562670706
2022-03-20,4198964.15,3393344.08549333,805620.064506675,805620.064506675,0.191861620087105
2022-03-21,4036051.82,3650898.12218598,385153.697814016,385153.697814016,0.0954283331808202
2022-03-22,4626820.15,3816093.9748529,810726.175147096,810726.175147096,0.175223187602634
2022-03-23,5301842.45,4028628.15567242,1273214.29432759,1273214.29432759,0.240145629813573
2022-03-24,5052034.89,3882662.16327094,1169372.72672906,1169372.72672906,0.231465687033104
2022-03-25,4122489.22,3394675.56125045,727813.658749552,727813.658749552,0.176547134488214
2022-03-26,4325007.4,3226117.0518385,1098890.3481615,1098890.3481615,0.254078258493037
2022-03-27,5169170.11,3388156.42666862,1781013.68333138,1781013.68333138,0.344545380676471
2022-03-28,4855258.01,3645710.46336128,1209547.54663872,1209547.54663872,0.249121168050701
2022-03-29,4908504.49,3810906.3160282,1097598.1739718,1097598.1739718,0.223611524896823
2022-03-30,11643208.73,4023440.49684771,7619768.23315229,7619768.23315229,0.654438858724496
2022-03-31,9233141,3877474.50444623,5355666.49555377,5355666.49555377,0.580048165142693
2022-04-01,8299060.74,5158366.11215682,3140694.62784318,3140694.62784318,0.378439768816921
2022-04-02,8289456.22,4989807.60274487,3299648.61725513,3299648.61725513,0.39805368768268
2022-04-03,6547965.12,5151846.97757499,1396118.14242501,1396118.14242501,0.21321404693509
2022-04-04,1974536.55,5409401.01426765,-3434864.46426765,3434864.46426765,-1.73958008742236
2022-04-05,3017582.3,5574596.86693456,-2557014.56693457,2557014.56693457,-0.847371939759378
2022-04-06,2934004.6,5787131.04775408,-2853126.44775408,2853126.44775408,-0.97243421082369
2022-04-07,1947894.58,5641165.0553526,-3693270.4753526,3693270.4753526,-1.89603200977776
2022-04-08,2516364.3,5153178.45333211,-2636814.15333211,2636814.15333211,-1.04786661984201
2022-04-09,3523261.24,4984619.94392017,-1461358.70392017,1461358.70392017,-0.414774438900297
2022-04-10,3747690.93,5146659.31875028,-1398968.38875028,1398968.38875028,-0.373288089887999
2022-04-11,4187283.4,5404213.35544294,-1216929.95544294,1216929.95544294,-0.290625171308667
2022-04-12,4300020.35,5569409.20810986,-1269388.85810986,1269388.85810986,-0.295205314112027
2022-04-13,4888627.31,5781943.38892937,-893316.078929368,893316.078929368,-0.182733520532857
2022-04-14,4670014.27,5635977.39652789,-965963.126527893,965963.126527893,-0.20684372052848
2022-04-15,4908291.49,5147990.7945074,-239699.304507402,239699.304507402,-0.0488355887167169
2022-04-16,5147946.06,4979432.28509546,168513.774904544,168513.774904544,0.0327341764930116
2022-04-17,4470361.38,5141471.65992557,-671110.27992557,671110.27992557,-0.150124391045444
2022-04-18,3680888.01,5399025.69661823,-1718137.68661823,1718137.68661823,-0.466772605401333
2022-04-19,4426735.65,5564221.54928515,-1137485.89928515,1137485.89928515,-0.256958171713991
2022-04-20,4874458.71,5776755.73010466,-902297.020104659,902297.020104659,-0.185107121382234
2022-04-21,2926459,5630789.73770318,-2704330.73770318,2704330.73770318,-0.924096574632751
2022-04-22,4609506.19,5142803.13568269,-533296.945682692,533296.945682692,-0.115695027558406
2022-04-23,4709847.04,4974244.62627075,-264397.586270748,264397.586270748,-0.056137191723056
2022-04-24,5020542.99,5136284.00110086,-115741.01110086,115741.01110086,-0.0230534847189627
2022-04-25,4873788.42,5393838.03779352,-520049.617793519,520049.617793519,-0.106703363580465
2022-04-26,5688161.6,5559033.89046044,129127.709539561,129127.709539561,0.0227011323903949
2022-04-27,5361513.76,5771568.07127995,-410054.311279951,410054.311279951,-0.0764810703908276
2022-04-28,5590934.3,5625602.07887848,-34667.7788784765,34667.7788784765,-0.00620071297895174
2022-04-29,7579535.07,5137615.47685798,2441919.59314202,2441919.59314202,0.322172741545481
2022-04-30,6592777.23,4969056.96744604,1623720.26255396,1623720.26255396,0.246287748836003
2022-05-01,5680859.44,5230719.97851776,450139.461482244,450139.461482244,0.0792379157126696
2022-05-02,4291036.44,5488274.01521041,-1197237.57521041,1197237.57521041,-0.279008950856268
2022-05-03,5504853.65,5653469.86787734,-148616.217877335,148616.217877335,-0.0269973058915626
2022-05-04,1792730.62,5866004.04869685,-4073273.42869685,4073273.42869685,-2.27210568239017
2022-05-05,3556300.98,5720038.05629537,-2163737.07629537,2163737.07629537,-0.6084234963418
2022-05-06,2532060.94,5232051.45427488,-2699990.51427488,2699990.51427488,-1.0663213004166
2022-05-07,3620303.23,5063492.94486293,-1443189.71486293,1443189.71486293,-0.398637799978687
2022-05-08,2468343.71,5225532.31969305,-2757188.60969305,2757188.60969305,-1.11701972400474
2022-05-09,2985986.67,5483086.35638571,-2497099.68638571,2497099.68638571,-0.836272884763316
2022-05-10,3668495.19,5648282.20905263,-1979787.01905263,1979787.01905263,-0.539672785846729
2022-05-11,4347378.73,5860816.38987214,-1513437.65987214,1513437.65987214,-0.348126481235311
2022-05-12,4753134.02,5714850.39747066,-961716.377470664,961716.377470664,-0.202333107676746
2022-05-13,3479131.38,5226863.79545017,-1747732.41545017,1747732.41545017,-0.50234734609251
2022-05-14,4406804.98,5058305.28603823,-651500.306038226,651500.306038226,-0.147839604655758
2022-05-15,4455089.7,5220344.66086834,-765254.960868338,765254.960868338,-0.171770943437646
2022-05-16,4323621.35,5477898.697561,-1154277.347561,1154277.347561,-0.26697003602339
2022-05-17,4158982.96,5643094.55022792,-1484111.59022792,1484111.59022792,-0.356844835504668
2022-05-18,6094171.87,5855628.73104743,238543.138952571,238543.138952571,0.0391428308950156
2022-05-19,5824908.18,5709662.73864595,115245.441354046,115245.441354046,0.0197849369969031
2022-05-20,2226534.2,5221676.13662546,-2995141.93662546,2995141.93662546,-1.3452036517676
2022-05-21,4033154.28,5053117.62721352,-1019963.34721352,1019963.34721352,-0.252894701368458
2022-05-22,5000275.74,5215157.00204363,-214881.26204363,214881.26204363,-0.0429738824850547
2022-05-23,3647180.26,5472711.03873629,-1825530.77873629,1825530.77873629,-0.500532095645936
2022-05-24,4442598.36,5637906.89140321,-1195308.53140321,1195308.53140321,-0.269056177160973
2022-05-25,6573956.43,5850441.07222272,723515.357777279,723515.357777279,0.110057826741221
2022-05-26,6284218.49,5704475.07982124,579743.410178755,579743.410178755,0.0922538595851328
2022-05-27,3652675.9,5216488.47780075,-1563812.57780075,1563812.57780075,-0.428127931580449
2022-05-28,3223975.84,5047929.96838881,-1823954.12838881,1823954.12838881,-0.565746835245765
2022-05-29,5327455.25,5209969.34321892,117485.906781078,117485.906781078,0.0220529129326949
2022-05-30,8158502,5467523.37991158,2690978.62008842,2690978.62008842,0.329837342699483
2022-05-31,8513166.37,5632719.2325785,2880447.1374215,2880447.1374215,0.338352031691999
2022-06-01,8373363.4,5698364.97554955,2674998.42445045,2674998.42445045,0.319465225222454
2022-06-02,8325437.52,5552398.98314807,2773038.53685193,2773038.53685193,0.333080217128568
2022-06-03,6585522.44,5064412.38112758,1521110.05887242,1521110.05887242,0.230977887135165
2022-06-04,2998952.42,4895853.87171564,-1896901.45171564,1896901.45171564,-0.632521356145969
2022-06-05,2945501.79,5057893.24654575,-2112391.45654575,2112391.45654575,-0.717158435862213
2022-06-06,3100859,5315447.28323841,-2214588.28323841,2214588.28323841,-0.714185418697982
2022-06-07,3673238.8,5480643.13590533,-1807404.33590533,1807404.33590533,-0.492046511080447
2022-06-08,3686799.9,5693177.31672484,-2006377.41672484,2006377.41672484,-0.544205671895792
2022-06-09,2619038.14,5547211.32432336,-2928173.18432336,2928173.18432336,-1.11803380775637
2022-06-10,3369544.01,5059224.72230287,-1689680.71230287,1689680.71230287,-0.501456786819909
2022-06-11,4463584.56,4890666.21289093,-427081.652890928,427081.652890928,-0.0956813178175632
2022-06-12,4561669.81,5052705.58772104,-491035.777721041,491035.777721041,-0.10764386686748
2022-06-13,4221162.05,5310259.6244137,-1089097.5744137,1089097.5744137,-0.258008946710231
2022-06-14,4843640.76,5475455.47708062,-631814.717080619,631814.717080619,-0.130442109228724
2022-06-15,4969823.53,5687989.65790013,-718166.12790013,718166.12790013,-0.144505357899525
2022-06-16,4143877.35,5542023.66549866,-1398146.31549866,1398146.31549866,-0.337400506194677
2022-06-17,4914374.7,5054037.06347816,-139662.363478163,139662.363478163,-0.0284191523853815
2022-06-18,4817780.87,4885478.55406622,-67697.6840662193,67697.6840662193,-0.0140516320465649
2022-06-19,3795086.21,5047517.92889633,-1252431.71889633,1252431.71889633,-0.330014036465414
2022-06-20,3323030.57,5305071.96558899,-1982041.39558899,1982041.39558899,-0.59645596206146
2022-06-21,4271838.09,5470267.81825591,-1198429.72825591,1198429.72825591,-0.280541936048871
2022-06-22,5182306.11,5682801.99907542,-500495.889075422,500495.889075422,-0.0965778320407672
2022-06-23,3276933.23,5536836.00667395,-2259902.77667395,2259902.77667395,-0.689639555662825
2022-06-24,4334289.08,5048849.40465346,-714560.324653455,714560.324653455,-0.164862174964448
2022-06-25,3650772.37,4880290.89524151,-1229518.52524151,1229518.52524151,-0.336783124399923
2022-06-26,3313898.55,5042330.27007162,-1728431.72007162,1728431.72007162,-0.521570498913319
2022-06-27,3481464.68,5299884.30676428,-1818419.62676428,1818419.62676428,-0.522314541121319
2022-06-28,5799352.35,5465080.1594312,334272.190568798,334272.190568798,0.0576395725582699
2022-06-29,7265484.49,5677614.34025071,1587870.14974929,1587870.14974929,0.218549795534597
2022-06-30,5503799.91,5531648.34784924,-27848.4378492376,27848.4378492376,-0.00505985651815558
2022-07-01,5150082.22,3110417.13228647,2039665.08771353,2039665.08771353,0.396045150462381
2022-07-02,4591824.74,2941858.62287452,1649966.11712548,1649966.11712548,0.35932689302194
2022-07-03,3487232,3103897.99770463,383334.002295365,383334.002295365,0.109925007081652
2022-07-04,1208545.64,3361452.03439729,-2152906.39439729,2152906.39439729,-1.78140264061297
2022-07-05,1079245.09,3526647.88706421,-2447402.79706421,2447402.79706421,-2.26769880145038
2022-07-06,2003115.26,3739182.06788372,-1736066.80788372,1736066.80788372,-0.866683431827944
2022-07-07,2178171.4,3593216.07548225,-1415044.67548225,1415044.67548225,-0.649647991651277
2022-07-08,1881078.1,3105229.47346176,-1224151.37346176,1224151.37346176,-0.650771158019307
2022-07-09,1988747.3,2936670.96404981,-947923.664049813,947923.664049813,-0.476643595719684
2022-07-10,2250020.87,3098710.33887993,-848689.468879926,848689.468879926,-0.3771918208385
2022-07-11,3085208.06,3356264.37557258,-271056.315572585,271056.315572585,-0.0878567377956949
2022-07-12,3275001.85,3521460.2282395,-246458.378239505,246458.378239505,-0.0752544241278839
2022-07-13,3331997.68,3733994.40905902,-401996.729059016,401996.729059016,-0.120647361632922
2022-07-14,3428606.64,3588028.41665754,-159421.776657541,159421.776657541,-0.0464975406620401
2022-07-15,3272104.3,3100041.81463705,172062.485362951,172062.485362951,0.0525846579410536
2022-07-16,3060600.17,2931483.30522511,129116.864774895,129116.864774895,0.0421867795867289
2022-07-17,3238870.01,3093522.68005522,145347.329944782,145347.329944782,0.044875938057416
2022-07-18,3305333.1,3351076.71674788,-45743.6167478757,45743.6167478757,-0.0138393364190362
2022-07-19,3101945.44,3516272.5694148,-414327.129414796,414327.129414796,-0.133570089296863
2022-07-20,3436240.82,3728806.75023431,-292565.930234307,292565.930234307,-0.0851412766333145
2022-07-21,3596036.01,3582840.75783283,13195.2521671676,13195.2521671676,0.00366938821815847
2022-07-22,2771453.13,3094854.15581234,-323401.02581234,323401.02581234,-0.116690057757657
2022-07-23,4190232.53,2926295.6464004,1263936.8835996,1263936.8835996,0.301638840935542
2022-07-24,3833852.9,3088335.02123051,745517.878769491,745517.878769491,0.194456568422198
2022-07-25,2614143.21,3345889.05792317,-731745.847923167,731745.847923167,-0.27991804164515
2022-07-26,3176075.37,3511084.91059009,-335009.540590087,335009.540590087,-0.105479090249073
2022-07-27,4214912.76,3723619.0914096,491293.668590401,491293.668590401,0.116560815505563
2022-07-28,4859620.98,3577653.09900812,1281967.88099188,1281967.88099188,0.263799972522112
2022-07-29,3226100.81,3089666.49698763,136434.313012369,136434.313012369,0.0422907779538261
2022-07-30,2682461.47,2921107.98757569,-238646.517575687,238646.517575687,-0.088965496893302
2022-07-31,4622917.86,3083147.3624058,1539770.4975942,1539770.4975942,0.333073297909343
2022-08-01,4081818.17,3065267.71099969,1016550.45900031,1016550.45900031,0.249043543015124
2022-08-02,4490226.96,3230463.56366661,1259763.39633339,1259763.39633339,0.28055673077456
2022-08-03,5085558.26,3442997.74448612,1642560.51551388,1642560.51551388,0.322985291198666
2022-08-04,4345026.44,3297031.75208465,1047994.68791535,1047994.68791535,0.241194087628004
2022-08-05,2114789.45,2809045.15006415,-694255.700064154,694255.700064154,-0.328285967222011
2022-08-06,2325289.52,2640486.64065221,-315197.12065221,315197.12065221,-0.135551774495681
2022-08-07,2331541.43,2802526.01548232,-470984.585482322,470984.585482322,-0.202005668619975
2022-08-08,3054473.91,3060080.05217498,-5606.1421749806,5606.1421749806,-0.00183538715345603
2022-08-09,2488386.71,3225275.9048419,-736889.194841901,736889.194841901,-0.296131301409298
2022-08-10,2963483.62,3437810.08566141,-474326.465661412,474326.465661412,-0.160057056654631
2022-08-11,3674343.1,3291844.09325994,382499.006740063,382499.006740063,0.104099970070858
2022-08-12,2787707.25,2803857.49123944,-16150.2412394448,16150.2412394448,-0.00579337778005378
2022-08-13,1789226.45,2635298.9818275,-846072.5318275,846072.5318275,-0.472870570311265
2022-08-14,2557373.24,2797338.35665761,-239965.116657613,239965.116657613,-0.0938326533273699
2022-08-15,3869248.63,3054892.39335027,814356.236649727,814356.236649727,0.21046883116677
2022-08-16,3139997.28,3220088.24601719,-80090.9660171927,80090.9660171927,-0.0255066991705142
2022-08-17,3480892.06,3432622.4268367,48269.6331632966,48269.6331632966,0.0138670295807152
2022-08-18,4171974.77,3286656.43443523,885318.335564772,885318.335564772,0.21220606172668
2022-08-19,2011108.63,2798669.83241474,-787561.202414737,787561.202414737,-0.391605500899639
2022-08-20,2479005.37,2630111.32300279,-151105.953002792,151105.953002792,-0.060954266106649
2022-08-21,2235990.02,2792150.6978329,-556160.677832905,556160.677832905,-0.248731288090859
2022-08-22,3743695.22,3049704.73452556,693990.485474437,693990.485474437,0.185375797091313
2022-08-23,2422220.1,3214900.58719248,-792680.487192483,792680.487192483,-0.327253698865963
2022-08-24,3292983.26,3427434.76801199,-134451.508011994,134451.508011994,-0.0408296967813904
2022-08-25,3512475.16,3281468.77561052,231006.384389481,231006.384389481,0.0657674072745559
2022-08-26,3544046.7,2793482.17359003,750564.526409973,750564.526409973,0.211781782223686
2022-08-27,2367664.33,2624923.66417808,-257259.334178084,257259.334178084,-0.10865532369535
2022-08-28,7051722.27,2786963.0390082,4264759.2309918,4264759.2309918,0.604782642835394
2022-08-29,7928796.83,3044517.07570085,4884279.75429915,4884279.75429915,0.616017771551241
2022-08-30,6574345.89,3209712.92836777,3364632.96163222,3364632.96163222,0.51178216326434
2022-08-31,7627532.44,3422247.10918729,4205285.33081271,4205285.33081271,0.551329720835998
2022-09-01,6284732.49,2670621.96833256,3614110.52166744,3614110.52166744,0.575061950117695
2022-09-02,1902817.9,2182635.36631207,-279817.466312069,279817.466312069,-0.147054253752852
2022-09-03,1443083.36,2014076.85690013,-570993.496900125,570993.496900125,-0.39567603142491
2022-09-04,1814811.35,2176116.23173024,-361304.881730238,361304.881730238,-0.199086743495536
2022-09-05,2214621.47,2433670.2684229,-219048.798422896,219048.798422896,-0.0989102658807403
2022-09-06,1440405.44,2598866.12108982,-1158460.68108982,1158460.68108982,-0.804260140179571
2022-09-07,1890879.55,2811400.30190933,-920520.751909327,920520.751909327,-0.486821464597958
2022-09-08,3137260.99,2665434.30950785,471826.680492148,471826.680492148,0.150394462557018
2022-09-09,1905843.43,2177447.70748736,-271604.27748736,271604.27748736,-0.142511327642145
2022-09-10,3003150.84,2008889.19807542,994261.641924584,994261.641924584,0.331072828138258
2022-09-11,3574194.77,2170928.57290553,1403266.19709447,1403266.19709447,0.392610444420317
2022-09-12,3415849.51,2428482.60959819,987366.900401813,987366.900401813,0.289054566810179
2022-09-13,2521208.91,2593678.46226511,-72469.5522651067,72469.5522651067,-0.0287439696003243
2022-09-14,2125189.04,2806212.64308462,-681023.603084618,681023.603084618,-0.320453188053623
2022-09-15,3154006.65,2660246.65068314,493759.999316857,493759.999316857,0.156550081882946
2022-09-16,2557894.76,2172260.04866265,385634.711337348,385634.711337348,0.150762540104405
2022-09-17,1810510,2003701.53925071,-193191.539250707,193191.539250707,-0.10670559082839
2022-09-18,2355578.71,2165740.91408082,189837.79591918,189837.79591918,0.0805907249514833
2022-09-19,2832515.44,2423294.95077348,409220.489226521,409220.489226521,0.144472465515147
2022-09-20,1813002.77,2588490.8034404,-775488.033440399,775488.033440399,-0.427736816662668
2022-09-21,2262085.02,2801024.98425991,-538939.964259909,538939.964259909,-0.238249207918768
2022-09-22,3106149.95,2655058.99185843,451090.958141566,451090.958141566,0.145225106772957
2022-09-23,2634119.24,2167072.38983794,467046.850162058,467046.850162058,0.177306646969428
2022-09-24,2896411.14,1998513.880426,897897.259574002,897897.259574002,0.310003385629155
2022-09-25,3041369.47,2160553.25525611,880816.214743889,880816.214743889,0.289611710590325
2022-09-26,5205389.57,2418107.29194877,2787282.27805123,2787282.27805123,0.535460841224076
2022-09-27,4259834.95,2583303.14461569,1676531.80538431,1676531.80538431,0.393567315415427
2022-09-28,4257301.76,2795837.3254352,1461464.4345648,1461464.4345648,0.343284201344656
2022-09-29,4352754.23,2649871.33303373,1702882.89696627,1702882.89696627,0.391219629454309
2022-09-30,2551313.88,2161884.73101323,389429.148986766,389429.148986766,0.152638666704061
2022-10-01,1469771.93,1510279.51704669,-40507.5870466901,40507.5870466901,-0.0275604576600467
2022-10-02,1289798.82,1672318.8918768,-382520.071876803,382520.071876803,-0.296573439163794
2022-10-03,2179072.88,1929872.92856946,249199.951430539,249199.951430539,0.114360540080027
2022-10-04,2751920.12,2095068.78123638,656851.338763619,656851.338763619,0.238688373979263
2022-10-05,1527341.84,2307602.96205589,-780261.122055893,780261.122055893,-0.510862140760769
2022-10-06,2026518.43,2161636.96965442,-135118.539654418,135118.539654418,-0.06667520889727
2022-10-07,1406363.3,1673650.36763393,-267287.067633925,267287.067633925,-0.190055491091047
2022-10-08,2137543.63,1505091.85822198,632451.771778019,632451.771778019,0.295877830469369
2022-10-09,1805775.79,1667131.23305209,138644.556947906,138644.556947906,0.0767783894964646
2022-10-10,2356440.12,1924685.26974475,431754.850255248,431754.850255248,0.183223348894284
2022-10-11,2270162.6,2089881.12241167,180281.477588328,180281.477588328,0.0794134647396304
2022-10-12,1976207.14,2302415.30323118,-326208.163231184,326208.163231184,-0.165067799133235
2022-10-13,2430819.33,2156449.31082971,274370.019170291,274370.019170291,0.112871415733843
2022-10-14,1927818.67,1668462.70880922,259355.961190783,259355.961190783,0.134533379734715
2022-10-15,1986495.19,1499904.19939727,486590.990602728,486590.990602728,0.244949493485926
2022-10-16,1897952.11,1661943.57422739,236008.535772615,236008.535772615,0.124349046811626
2022-10-17,2507328.8,1919497.61092004,587831.189079956,587831.189079956,0.234445194854363
2022-10-18,3170696.65,2084693.46358696,1086003.18641304,1086003.18641304,0.342512484255798
2022-10-19,2324314.45,2297227.64440648,27086.8055935251,27086.8055935251,0.0116536751701238
2022-10-20,2591151.06,2151261.652005,439889.407995,439889.407995,0.169766022053149
2022-10-21,2662328.56,1663275.04998451,999053.510015492,999053.510015492,0.375255528196524
2022-10-22,2407124.47,1494716.54057256,912407.929427437,912407.929427437,0.379044765153933
2022-10-23,1971627.46,1656755.91540268,314871.544597324,314871.544597324,0.159701338607509
2022-10-24,2678456.17,1914309.95209534,764146.217904665,764146.217904665,0.285293530827001
2022-10-25,3003375.87,2079505.80476225,923870.065237745,923870.065237745,0.307610537351006
2022-10-26,2345490.55,2292039.98558177,53450.5644182335,53450.5644182335,0.0227886505099044
2022-10-27,2493935.72,2146073.99318029,347861.726819709,347861.726819709,0.139483036403083
2022-10-28,4210212.53,1658087.3911598,2552125.1388402,2552125.1388402,0.606174895128204
2022-10-29,3626939.26,1489528.88174785,2137410.37825214,2137410.37825214,0.589315184244951
2022-10-30,3130677.4,1651568.25657797,1479109.14342203,1479109.14342203,0.472456581895673
2022-10-31,4630791.46,1909122.29327063,2721669.16672937,2721669.16672937,0.587733045255589
2022-11-01,3025164.28,1411133.23972285,1614031.04027715,1614031.04027715,0.533535005337677
2022-11-02,1338326.56,1623667.42054236,-285340.860542361,285340.860542361,-0.213207201493753
2022-11-03,1253721.23,1477701.42814089,-223980.198140886,223980.198140886,-0.178652313434053
2022-11-04,1065066,989714.826120394,75351.1738796057,75351.1738796057,0.070747891566913
2022-11-05,1826120.07,821156.31670845,1004963.75329155,1004963.75329155,0.550327314069523
2022-11-06,2207719.98,983195.691538563,1224524.28846144,1224524.28846144,0.554655617358428
2022-11-07,1655852.99,1240749.72823122,415103.261768779,415103.261768779,0.250688475532347
2022-11-08,1781413.12,1405945.58089814,375467.539101859,375467.539101859,0.210769492425125
2022-11-09,845358.47,1618479.76171765,-773121.291717652,773121.291717652,-0.914548465714968
2022-11-10,2079598.87,1472513.76931618,607085.100683823,607085.100683823,0.291924134717299
2022-11-11,1581745.15,984527.167295686,597217.982704314,597217.982704314,0.377569030449889
2022-11-12,1354235.95,815968.657883741,538267.292116259,538267.292116259,0.397469356884418
2022-11-13,2903552.41,978008.032713854,1925544.37728615,1925544.37728615,0.663168458972692
2022-11-14,1656739.7,1235562.06940651,421177.630593487,421177.630593487,0.254220762980139
2022-11-15,1547150.37,1400757.92207343,146392.447926568,146392.447926568,0.0946206980040134
2022-11-16,1436853.58,1613292.10289294,-176438.522892944,176438.522892944,-0.122795060922591
2022-11-17,1542318.91,1467326.11049147,74992.7995085313,74992.7995085313,0.0486234066264099
2022-11-18,2067584.69,979339.508470977,1088245.18152902,1088245.18152902,0.526336447929987
2022-11-19,1496563.56,810780.999059033,685782.560940967,685782.560940967,0.458238179299894
2022-11-20,1857748.24,972820.373889146,884927.866110854,884927.866110854,0.476344343682896
2022-11-21,1349907.06,1230374.4105818,119532.649418196,119532.649418196,0.0885487993656364
2022-11-22,853188.02,1395570.26324872,-542382.243248724,542382.243248724,-0.635712446183578
2022-11-23,1060969.69,1608104.44406823,-547134.754068235,547134.754068235,-0.515693105302787
2022-11-24,1729664.2,1462138.45166676,267525.74833324,267525.74833324,0.154669182800477
2022-11-25,1527923.9,974151.849646268,553772.050353731,553772.050353731,0.362434313877629
2022-11-26,2035639.78,805593.340234324,1230046.43976568,1230046.43976568,0.604255454157845
2022-11-27,3138619.13,967632.715064437,2170986.41493556,2170986.41493556,0.691701135121662
2022-11-28,2104917.42,1225186.7517571,879730.668242905,879730.668242905,0.417940703936454
2022-11-29,2558728.79,1390382.60442401,1168346.18557599,1168346.18557599,0.456611966904075
2022-11-30,1317689.52,1602916.78524353,-285227.265243526,285227.265243526,-0.216460145515558
2022-12-01,1668445.9,1385310.08344452,283135.816555479,283135.816555479,0.169700328045086
2022-12-02,720381.04,897323.481424029,-176942.441424029,176942.441424029,-0.245623401504333
2022-12-03,753704.17,728764.972012085,24939.1979879151,24939.1979879151,0.033088841724088
2022-12-04,664409.51,890804.346842198,-226394.836842198,226394.836842198,-0.340745930686931
2022-12-05,1607335.1,1148358.38353486,458976.716465144,458976.716465144,0.285551355448621
2022-12-06,1436188.44,1313554.23620178,122634.203798224,122634.203798224,0.0853886581890495
2022-12-07,760218.13,1526088.41702129,-765870.287021287,765870.287021287,-1.00743491479385
2022-12-08,818209.67,1380122.42461981,-561912.754619812,561912.754619812,-0.686758877611178
2022-12-09,1323267.85,892135.82259932,431132.02740068,431132.02740068,0.325808586221361
2022-12-10,1598936.84,723577.313187376,875359.526812624,875359.526812624,0.547463480053799
2022-12-11,1420910.74,885616.688017489,535294.051982511,535294.051982511,0.376726022904515
2022-12-12,1983085.06,1143170.72471015,839914.335289853,839914.335289853,0.423539238044511
2022-12-13,1652309.19,1308366.57737707,343942.612622933,343942.612622933,0.208158748195871
2022-12-14,1662243.59,1520900.75819658,141342.831803422,141342.831803422,0.0850313592145792
2022-12-15,1494318.64,1374934.7657951,119383.874204896,119383.874204896,0.079891845694233
2022-12-16,1482192.97,886948.163774612,595244.806225388,595244.806225388,0.401597375155131
2022-12-17,1302193.74,718389.654362667,583804.085637333,583804.085637333,0.448323523377814
2022-12-18,2201374.59,880429.02919278,1320945.56080722,1320945.56080722,0.600054877896642
2022-12-19,2250767.39,1137983.06588544,1112784.32411456,1112784.32411456,0.494402188808396
2022-12-20,2026810.08,1303178.91855236,723631.161447642,723631.161447642,0.357029584857621
2022-12-21,1795395.02,1515713.09937187,279681.92062813,279681.92062813,0.155777373509775
2022-12-22,1791622.46,1369747.10697039,421875.353029605,421875.353029605,0.23547112321287
2022-12-23,1501209.11,881760.504949903,619448.605050097,619448.605050097,0.412633124142244
2022-12-24,1390870.89,713201.995537959,677668.894462041,677668.894462041,0.487226312186346
2022-12-25,1136772.53,875241.370368071,261531.159631929,261531.159631929,0.230064637145946
2022-12-26,2110830.12,1132795.40706073,978034.712939271,978034.712939271,0.463341272077011
2022-12-27,2100553.66,1297991.25972765,802562.400272351,802562.400272351,0.382071839227545
2022-12-28,3448729.2,1510525.44054716,1938203.75945284,1938203.75945284,0.562005204541093
2022-12-29,3083944.33,1364559.44814569,1719384.88185431,1719384.88185431,0.55752785973744
2022-12-30,2884668.76,876572.846125194,2008095.91387481,2008095.91387481,0.696127036046525
2022-12-31,2383037.48,708014.33671325,1675023.14328675,1675023.14328675,0.702894166518418
